id,area,bedrooms,bathrooms,stories,mainroad,guestroom,basement,hotwaterheating,airconditioning,parking,prefarea,furnishingstatus,event_timestamp
0,7420,4,2,3,yes,no,no,no,yes,2,yes,furnished,2022-03-11 14:10:43.556872
1,8960,4,4,4,yes,no,no,no,yes,3,no,furnished,2022-03-11 14:10:43.556872
2,9960,3,2,2,yes,no,yes,no,no,2,yes,semi-furnished,2022-03-11 14:10:43.556872
6,8580,4,3,4,yes,no,no,no,yes,2,yes,semi-furnished,2022-03-11 14:10:43.556872
9,5750,3,2,4,yes,yes,no,no,yes,1,yes,unfurnished,2022-03-11 14:10:43.556872
10,13200,3,1,2,yes,no,yes,no,yes,2,yes,furnished,2022-03-11 14:10:43.556872
12,6550,4,2,2,yes,no,no,no,yes,1,yes,semi-furnished,2022-03-11 14:10:43.556872
14,7800,3,2,2,yes,no,no,no,no,0,yes,semi-furnished,2022-03-11 14:10:43.556872
15,6000,4,1,2,yes,no,yes,no,no,2,no,semi-furnished,2022-03-11 14:10:43.556872
16,6600,4,2,2,yes,yes,yes,no,yes,1,yes,unfurnished,2022-03-11 14:10:43.556872
17,8500,3,2,4,yes,no,no,no,yes,2,no,furnished,2022-03-11 14:10:43.556872
19,6420,3,2,2,yes,no,no,no,yes,1,yes,semi-furnished,2022-03-11 14:10:43.556872
20,4320,3,1,2,yes,no,yes,yes,no,2,no,semi-furnished,2022-03-11 14:10:43.556872
21,7155,3,2,1,yes,yes,yes,no,yes,2,no,unfurnished,2022-03-11 14:10:43.556872
23,4560,3,2,2,yes,yes,yes,no,yes,1,no,furnished,2022-03-11 14:10:43.556872
24,8800,3,2,2,yes,no,no,no,yes,2,no,furnished,2022-03-11 14:10:43.556872
25,6540,4,2,2,yes,yes,yes,no,yes,2,yes,furnished,2022-03-11 14:10:43.556872
26,6000,3,2,4,yes,yes,yes,no,yes,0,yes,semi-furnished,2022-03-11 14:10:43.556872
27,8875,3,1,1,yes,no,no,no,no,1,no,semi-furnished,2022-03-11 14:10:43.556872
28,7950,5,2,2,yes,no,yes,yes,no,2,no,unfurnished,2022-03-11 14:10:43.556872
29,5500,4,2,2,yes,no,yes,no,yes,1,yes,semi-furnished,2022-03-11 14:10:43.556872
30,7475,3,2,4,yes,no,no,no,yes,2,no,unfurnished,2022-03-11 14:10:43.556872
31,7000,3,1,4,yes,no,no,no,yes,2,no,semi-furnished,2022-03-11 14:10:43.556872
32,4880,4,2,2,yes,no,no,no,yes,1,yes,furnished,2022-03-11 14:10:43.556872
33,5960,3,3,2,yes,yes,yes,no,no,1,no,unfurnished,2022-03-11 14:10:43.556872
34,6840,5,1,2,yes,yes,yes,no,yes,1,no,furnished,2022-03-11 14:10:43.556872
35,7000,3,2,4,yes,no,no,no,yes,2,no,furnished,2022-03-11 14:10:43.556872
36,7482,3,2,3,yes,no,no,yes,no,1,yes,furnished,2022-03-11 14:10:43.556872
37,9000,4,2,4,yes,no,no,no,yes,2,no,furnished,2022-03-11 14:10:43.556872
39,6000,4,2,4,yes,no,no,no,yes,1,no,semi-furnished,2022-03-11 14:10:43.556872
41,6360,3,2,4,yes,no,no,no,yes,0,yes,furnished,2022-03-11 14:10:43.556872
42,6480,3,2,4,yes,no,no,no,yes,2,no,unfurnished,2022-03-11 14:10:43.556872
43,6000,4,2,4,yes,no,no,no,no,2,no,semi-furnished,2022-03-11 14:10:43.556872
44,6000,4,2,4,yes,no,no,no,yes,1,no,furnished,2022-03-11 14:10:43.556872
45,6000,3,2,3,yes,no,no,no,yes,0,no,semi-furnished,2022-03-11 14:10:43.556872
47,6600,3,1,4,yes,no,no,no,yes,3,yes,furnished,2022-03-11 14:10:43.556872
48,4300,3,2,2,yes,no,yes,no,no,1,no,unfurnished,2022-03-11 14:10:43.556872
49,7440,3,2,1,yes,yes,yes,no,yes,0,yes,semi-furnished,2022-03-11 14:10:43.556872
50,7440,3,2,4,yes,no,no,no,no,1,yes,unfurnished,2022-03-11 14:10:43.556872
51,6325,3,1,4,yes,no,no,no,yes,1,no,unfurnished,2022-03-11 14:10:43.556872
56,11440,4,1,2,yes,no,yes,no,no,1,yes,semi-furnished,2022-03-11 14:10:43.556872
57,9000,4,2,4,yes,yes,no,no,yes,1,yes,furnished,2022-03-11 14:10:43.556872
58,7680,4,2,4,yes,yes,no,no,yes,1,no,semi-furnished,2022-03-11 14:10:43.556872
62,6240,4,2,2,yes,no,no,no,yes,1,no,furnished,2022-03-11 14:10:43.556872
63,6360,4,2,3,yes,no,no,no,yes,2,yes,furnished,2022-03-11 14:10:43.556872
67,7700,3,2,1,yes,no,no,no,no,2,no,unfurnished,2022-03-11 14:10:43.556872
70,4000,3,2,2,yes,no,yes,no,yes,0,yes,semi-furnished,2022-03-11 14:10:43.556872
72,5020,3,1,4,yes,no,no,no,yes,0,yes,unfurnished,2022-03-11 14:10:43.556872
73,6600,2,2,4,yes,no,yes,no,no,0,yes,furnished,2022-03-11 14:10:43.556872
74,4040,3,1,2,yes,no,yes,yes,no,1,no,furnished,2022-03-11 14:10:43.556872
75,4260,4,2,2,yes,no,no,yes,no,0,no,semi-furnished,2022-03-11 14:10:43.556872
76,6420,3,2,3,yes,no,no,no,yes,0,yes,furnished,2022-03-11 14:10:43.556872
77,6500,3,2,3,yes,no,no,no,yes,0,yes,furnished,2022-03-11 14:10:43.556872
78,5700,3,1,1,yes,yes,yes,no,yes,2,yes,furnished,2022-03-11 14:10:43.556872
79,6000,3,2,3,yes,yes,no,no,yes,0,no,furnished,2022-03-11 14:10:43.556872
85,8250,3,2,3,yes,no,no,no,yes,0,no,furnished,2022-03-11 14:10:43.556872
86,6670,3,1,3,yes,no,yes,no,no,0,yes,unfurnished,2022-03-11 14:10:43.556872
87,3960,3,1,1,yes,no,yes,no,no,2,no,semi-furnished,2022-03-11 14:10:43.556872
88,7410,3,1,1,yes,yes,yes,no,yes,2,yes,unfurnished,2022-03-11 14:10:43.556872
89,8580,5,3,2,yes,no,no,no,no,2,no,furnished,2022-03-11 14:10:43.556872
91,6750,2,1,1,yes,yes,yes,no,no,2,yes,furnished,2022-03-11 14:10:43.556872
92,4800,3,2,4,yes,yes,no,no,yes,0,no,furnished,2022-03-11 14:10:43.556872
93,7200,3,2,1,yes,no,yes,no,yes,3,no,semi-furnished,2022-03-11 14:10:43.556872
94,6000,4,2,4,yes,no,no,no,no,1,no,semi-furnished,2022-03-11 14:10:43.556872
95,4100,3,2,3,yes,no,no,no,yes,2,no,semi-furnished,2022-03-11 14:10:43.556872
96,9000,3,1,1,yes,no,yes,no,no,1,yes,furnished,2022-03-11 14:10:43.556872
98,6600,3,2,3,yes,no,no,no,yes,0,yes,unfurnished,2022-03-11 14:10:43.556872
100,6600,3,2,1,yes,no,yes,no,yes,0,yes,unfurnished,2022-03-11 14:10:43.556872
101,5500,3,1,3,yes,no,no,no,no,1,yes,unfurnished,2022-03-11 14:10:43.556872
102,5500,3,2,4,yes,yes,no,no,yes,1,no,semi-furnished,2022-03-11 14:10:43.556872
103,6350,3,2,3,yes,yes,no,no,yes,0,no,furnished,2022-03-11 14:10:43.556872
105,4500,3,1,4,yes,no,no,no,yes,0,no,unfurnished,2022-03-11 14:10:43.556872
106,5450,4,2,1,yes,no,yes,no,yes,0,yes,semi-furnished,2022-03-11 14:10:43.556872
107,6420,3,1,3,yes,no,yes,no,no,0,yes,unfurnished,2022-03-11 14:10:43.556872
108,3240,4,1,3,yes,no,no,no,no,1,no,semi-furnished,2022-03-11 14:10:43.556872
109,6615,4,2,2,yes,yes,no,yes,no,1,no,semi-furnished,2022-03-11 14:10:43.556872
112,4300,6,2,2,yes,no,no,no,no,0,no,furnished,2022-03-11 14:10:43.556872
113,9620,3,1,1,yes,no,yes,no,no,2,yes,furnished,2022-03-11 14:10:43.556872
114,6800,2,1,1,yes,yes,yes,no,no,2,no,furnished,2022-03-11 14:10:43.556872
115,8000,3,1,1,yes,yes,yes,no,yes,2,yes,semi-furnished,2022-03-11 14:10:43.556872
118,6420,3,1,1,yes,no,yes,no,yes,0,yes,furnished,2022-03-11 14:10:43.556872
119,7020,3,1,1,yes,no,yes,no,yes,2,yes,semi-furnished,2022-03-11 14:10:43.556872
120,6540,3,1,1,yes,yes,yes,no,no,2,yes,furnished,2022-03-11 14:10:43.556872
121,7231,3,1,2,yes,yes,yes,no,yes,0,yes,semi-furnished,2022-03-11 14:10:43.556872
122,6254,4,2,1,yes,no,yes,no,no,1,yes,semi-furnished,2022-03-11 14:10:43.556872
123,7320,4,2,2,yes,no,no,no,no,0,no,furnished,2022-03-11 14:10:43.556872
124,6525,3,2,4,yes,no,no,no,no,1,no,furnished,2022-03-11 14:10:43.556872
125,15600,3,1,1,yes,no,no,no,yes,2,no,semi-furnished,2022-03-11 14:10:43.556872
126,7160,3,1,1,yes,no,yes,no,no,2,yes,unfurnished,2022-03-11 14:10:43.556872
129,11460,3,1,3,yes,no,no,no,no,2,yes,semi-furnished,2022-03-11 14:10:43.556872
135,6000,3,2,4,yes,no,no,no,yes,0,no,unfurnished,2022-03-11 14:10:43.556872
136,5400,4,2,2,yes,no,no,no,yes,2,no,unfurnished,2022-03-11 14:10:43.556872
137,4640,4,1,2,yes,no,no,no,no,1,no,semi-furnished,2022-03-11 14:10:43.556872
138,5000,3,1,3,yes,no,no,no,yes,0,no,semi-furnished,2022-03-11 14:10:43.556872
139,6360,3,1,1,yes,yes,yes,no,yes,2,yes,furnished,2022-03-11 14:10:43.556872
141,6660,4,2,2,yes,yes,yes,no,no,1,yes,semi-furnished,2022-03-11 14:10:43.556872
143,4800,5,2,3,no,no,yes,yes,no,0,no,unfurnished,2022-03-11 14:10:43.556872
144,4700,4,1,2,yes,yes,yes,no,yes,1,no,furnished,2022-03-11 14:10:43.556872
146,10500,2,1,1,yes,no,no,no,no,1,no,semi-furnished,2022-03-11 14:10:43.556872
147,5500,3,2,2,yes,no,no,no,no,1,no,semi-furnished,2022-03-11 14:10:43.556872
148,6360,3,1,3,yes,no,no,no,no,0,yes,semi-furnished,2022-03-11 14:10:43.556872
149,6600,4,2,1,yes,no,yes,no,no,0,yes,semi-furnished,2022-03-11 14:10:43.556872
150,5136,3,1,2,yes,yes,yes,no,yes,0,yes,unfurnished,2022-03-11 14:10:43.556872
151,4400,4,1,2,yes,no,no,no,yes,2,yes,semi-furnished,2022-03-11 14:10:43.556872
152,5400,5,1,2,yes,yes,yes,no,yes,0,yes,furnished,2022-03-11 14:10:43.556872
154,3650,3,2,2,yes,no,no,no,no,2,no,semi-furnished,2022-03-11 14:10:43.556872
155,6100,3,2,1,yes,no,yes,no,no,2,yes,furnished,2022-03-11 14:10:43.556872
156,6900,3,1,1,yes,yes,yes,no,no,0,yes,semi-furnished,2022-03-11 14:10:43.556872
159,3150,3,2,1,yes,yes,yes,no,yes,0,no,furnished,2022-03-11 14:10:43.556872
160,6210,4,1,4,yes,yes,no,no,yes,0,no,furnished,2022-03-11 14:10:43.556872
162,6600,4,2,2,yes,yes,yes,no,no,0,yes,semi-furnished,2022-03-11 14:10:43.556872
165,6450,3,2,1,yes,yes,yes,yes,no,0,no,unfurnished,2022-03-11 14:10:43.556872
166,7800,3,1,1,yes,no,yes,no,yes,2,yes,unfurnished,2022-03-11 14:10:43.556872
168,4260,4,1,2,yes,no,yes,no,yes,0,no,furnished,2022-03-11 14:10:43.556872
169,6540,4,2,2,no,no,no,no,yes,0,no,semi-furnished,2022-03-11 14:10:43.556872
171,10269,3,1,1,yes,no,no,no,no,1,yes,semi-furnished,2022-03-11 14:10:43.556872
173,5300,4,2,1,yes,no,no,no,yes,0,yes,unfurnished,2022-03-11 14:10:43.556872
174,3800,3,1,2,yes,yes,yes,no,no,1,yes,unfurnished,2022-03-11 14:10:43.556872
175,9800,4,2,2,yes,yes,no,no,no,2,no,semi-furnished,2022-03-11 14:10:43.556872
177,6050,3,1,1,yes,no,yes,no,no,0,yes,semi-furnished,2022-03-11 14:10:43.556872
178,7085,3,1,1,yes,yes,yes,no,no,2,yes,semi-furnished,2022-03-11 14:10:43.556872
179,3180,3,2,2,yes,no,no,no,no,2,no,semi-furnished,2022-03-11 14:10:43.556872
180,4500,4,2,1,no,no,yes,no,yes,2,no,semi-furnished,2022-03-11 14:10:43.556872
181,7200,3,1,2,yes,yes,yes,no,no,1,yes,furnished,2022-03-11 14:10:43.556872
182,3410,3,1,2,no,no,no,no,yes,0,no,semi-furnished,2022-03-11 14:10:43.556872
184,3000,3,2,2,yes,yes,yes,no,no,0,no,furnished,2022-03-11 14:10:43.556872
185,3000,3,1,2,yes,no,yes,no,no,0,no,unfurnished,2022-03-11 14:10:43.556872
187,6100,3,1,1,yes,no,yes,no,yes,0,yes,semi-furnished,2022-03-11 14:10:43.556872
188,5720,2,1,2,yes,no,no,no,yes,0,yes,unfurnished,2022-03-11 14:10:43.556872
190,7600,4,1,2,yes,no,no,no,yes,2,no,furnished,2022-03-11 14:10:43.556872
192,6600,3,1,1,yes,yes,yes,no,no,0,yes,furnished,2022-03-11 14:10:43.556872
193,4800,2,1,1,yes,yes,yes,no,no,0,no,semi-furnished,2022-03-11 14:10:43.556872
197,2800,3,2,2,no,no,yes,no,yes,1,no,semi-furnished,2022-03-11 14:10:43.556872
198,5948,3,1,2,yes,no,no,no,yes,0,no,semi-furnished,2022-03-11 14:10:43.556872
199,4200,3,1,2,yes,no,no,no,no,1,no,furnished,2022-03-11 14:10:43.556872
200,4520,3,1,2,yes,no,yes,no,yes,0,no,semi-furnished,2022-03-11 14:10:43.556872
201,4095,3,1,2,no,yes,yes,no,yes,0,no,semi-furnished,2022-03-11 14:10:43.556872
205,6300,3,1,1,yes,no,no,no,yes,2,no,semi-furnished,2022-03-11 14:10:43.556872
206,5800,2,1,1,yes,yes,yes,no,yes,0,no,semi-furnished,2022-03-11 14:10:43.556872
207,3000,3,1,2,yes,no,yes,no,yes,0,no,semi-furnished,2022-03-11 14:10:43.556872
208,2970,3,1,3,yes,no,no,no,no,0,no,semi-furnished,2022-03-11 14:10:43.556872
209,6720,3,1,1,yes,no,no,no,no,0,no,unfurnished,2022-03-11 14:10:43.556872
211,12900,3,1,1,yes,no,no,no,no,2,no,furnished,2022-03-11 14:10:43.556872
212,3420,4,2,2,yes,no,yes,no,yes,2,no,semi-furnished,2022-03-11 14:10:43.556872
214,4350,2,1,1,yes,no,yes,no,no,0,no,unfurnished,2022-03-11 14:10:43.556872
215,4160,3,1,3,yes,no,no,no,no,0,no,unfurnished,2022-03-11 14:10:43.556872
216,6040,3,1,1,yes,no,no,no,no,2,yes,semi-furnished,2022-03-11 14:10:43.556872
217,6862,3,1,2,yes,no,no,no,yes,2,yes,furnished,2022-03-11 14:10:43.556872
218,4815,2,1,1,yes,no,no,no,yes,0,yes,semi-furnished,2022-03-11 14:10:43.556872
219,7000,3,1,2,yes,no,yes,no,no,0,no,unfurnished,2022-03-11 14:10:43.556872
222,9166,2,1,1,yes,no,yes,no,yes,2,no,semi-furnished,2022-03-11 14:10:43.556872
223,6321,3,1,2,yes,no,yes,no,yes,1,no,furnished,2022-03-11 14:10:43.556872
224,10240,2,1,1,yes,no,no,no,yes,2,yes,unfurnished,2022-03-11 14:10:43.556872
225,6440,2,1,1,yes,no,no,no,yes,3,no,semi-furnished,2022-03-11 14:10:43.556872
226,5170,3,1,4,yes,no,no,no,yes,0,no,semi-furnished,2022-03-11 14:10:43.556872
227,6000,2,1,1,yes,no,yes,no,yes,1,no,furnished,2022-03-11 14:10:43.556872
228,3630,3,1,2,yes,no,no,no,no,2,no,semi-furnished,2022-03-11 14:10:43.556872
229,9667,4,2,2,yes,yes,yes,no,no,1,no,semi-furnished,2022-03-11 14:10:43.556872
230,5400,2,1,2,yes,no,no,no,no,0,yes,semi-furnished,2022-03-11 14:10:43.556872
232,3745,3,1,2,yes,no,yes,no,no,0,no,furnished,2022-03-11 14:10:43.556872
235,5680,3,1,2,yes,yes,no,no,yes,1,no,semi-furnished,2022-03-11 14:10:43.556872
236,2870,2,1,2,yes,yes,yes,no,no,0,yes,semi-furnished,2022-03-11 14:10:43.556872
238,4510,4,2,2,yes,no,yes,no,no,0,no,semi-furnished,2022-03-11 14:10:43.556872
239,4000,3,1,2,yes,no,no,no,no,1,no,furnished,2022-03-11 14:10:43.556872
240,3840,3,1,2,yes,no,no,no,no,1,yes,semi-furnished,2022-03-11 14:10:43.556872
241,3760,3,1,1,yes,no,no,no,no,2,no,semi-furnished,2022-03-11 14:10:43.556872
242,3640,3,1,2,yes,no,no,no,yes,0,no,furnished,2022-03-11 14:10:43.556872
244,5320,3,1,2,yes,yes,yes,no,no,0,yes,semi-furnished,2022-03-11 14:10:43.556872
245,5360,3,1,2,yes,no,no,no,no,2,yes,unfurnished,2022-03-11 14:10:43.556872
246,3520,3,1,1,yes,no,no,no,no,0,yes,semi-furnished,2022-03-11 14:10:43.556872
247,8400,4,1,4,yes,no,no,no,no,3,no,unfurnished,2022-03-11 14:10:43.556872
248,4100,2,2,1,yes,yes,yes,no,no,0,no,semi-furnished,2022-03-11 14:10:43.556872
250,3510,3,1,3,yes,no,no,no,no,0,no,semi-furnished,2022-03-11 14:10:43.556872
251,3450,3,1,2,yes,no,yes,no,no,1,no,semi-furnished,2022-03-11 14:10:43.556872
252,9860,3,1,1,yes,no,no,no,no,0,no,semi-furnished,2022-03-11 14:10:43.556872
253,3520,2,1,2,yes,no,no,no,no,0,yes,furnished,2022-03-11 14:10:43.556872
254,4510,4,1,2,yes,no,no,no,yes,2,no,semi-furnished,2022-03-11 14:10:43.556872
255,5885,2,1,1,yes,no,no,no,yes,1,no,unfurnished,2022-03-11 14:10:43.556872
256,4000,3,1,2,yes,no,no,no,no,2,no,furnished,2022-03-11 14:10:43.556872
257,8250,3,1,1,yes,no,no,no,no,0,no,furnished,2022-03-11 14:10:43.556872
258,4040,3,1,2,yes,no,no,no,no,1,no,semi-furnished,2022-03-11 14:10:43.556872
259,6360,2,1,1,yes,no,yes,no,yes,1,no,furnished,2022-03-11 14:10:43.556872
260,3162,3,1,2,yes,no,no,no,yes,1,no,furnished,2022-03-11 14:10:43.556872
262,3750,2,1,1,yes,yes,yes,no,no,0,no,semi-furnished,2022-03-11 14:10:43.556872
263,3968,3,1,2,no,no,no,no,no,0,no,semi-furnished,2022-03-11 14:10:43.556872
264,4900,2,1,2,yes,no,yes,no,no,0,no,semi-furnished,2022-03-11 14:10:43.556872
265,2880,3,1,2,yes,no,no,no,no,0,yes,semi-furnished,2022-03-11 14:10:43.556872
266,4880,3,1,1,yes,no,no,no,no,2,yes,unfurnished,2022-03-11 14:10:43.556872
267,4920,3,1,2,yes,no,no,no,no,1,no,semi-furnished,2022-03-11 14:10:43.556872
268,4950,4,1,2,yes,no,no,no,yes,0,no,semi-furnished,2022-03-11 14:10:43.556872
270,4500,3,2,3,yes,no,no,yes,no,1,no,furnished,2022-03-11 14:10:43.556872
271,1905,5,1,2,no,no,yes,no,no,0,no,semi-furnished,2022-03-11 14:10:43.556872
272,4075,3,1,1,yes,yes,yes,no,no,2,no,semi-furnished,2022-03-11 14:10:43.556872
273,3500,4,1,2,yes,no,no,no,no,2,no,furnished,2022-03-11 14:10:43.556872
274,6450,4,1,2,yes,no,no,no,no,0,no,semi-furnished,2022-03-11 14:10:43.556872
275,4032,2,1,1,yes,no,yes,no,no,0,no,furnished,2022-03-11 14:10:43.556872
276,4400,2,1,1,yes,no,no,no,no,1,no,semi-furnished,2022-03-11 14:10:43.556872
277,10360,2,1,1,yes,no,no,no,no,1,yes,semi-furnished,2022-03-11 14:10:43.556872
279,6360,2,1,1,yes,no,no,no,no,0,no,furnished,2022-03-11 14:10:43.556872
280,6360,2,1,2,yes,no,no,no,no,0,no,unfurnished,2022-03-11 14:10:43.556872
281,4500,2,1,1,yes,no,no,no,yes,2,no,furnished,2022-03-11 14:10:43.556872
282,2175,3,1,2,no,yes,yes,no,yes,0,no,unfurnished,2022-03-11 14:10:43.556872
283,4360,4,1,2,yes,no,no,no,no,0,no,furnished,2022-03-11 14:10:43.556872
284,7770,2,1,1,yes,no,no,no,no,1,no,furnished,2022-03-11 14:10:43.556872
285,6650,3,1,2,yes,yes,no,no,no,0,no,semi-furnished,2022-03-11 14:10:43.556872
287,5500,3,1,2,yes,no,no,no,yes,0,no,unfurnished,2022-03-11 14:10:43.556872
288,5040,3,1,2,yes,no,yes,no,yes,0,no,unfurnished,2022-03-11 14:10:43.556872
289,5850,2,1,1,yes,yes,yes,no,no,2,no,semi-furnished,2022-03-11 14:10:43.556872
290,2610,4,3,2,no,no,no,no,no,0,no,semi-furnished,2022-03-11 14:10:43.556872
293,4410,2,1,1,no,no,no,no,no,1,no,unfurnished,2022-03-11 14:10:43.556872
296,4600,3,2,2,yes,no,no,no,yes,1,no,semi-furnished,2022-03-11 14:10:43.556872
298,5800,3,1,1,yes,no,no,yes,no,2,no,semi-furnished,2022-03-11 14:10:43.556872
299,7000,3,1,1,yes,no,no,no,no,3,no,furnished,2022-03-11 14:10:43.556872
300,4079,3,1,3,yes,no,no,no,no,0,no,semi-furnished,2022-03-11 14:10:43.556872
301,3520,3,1,2,yes,no,no,no,no,0,yes,semi-furnished,2022-03-11 14:10:43.556872
304,8250,3,1,1,yes,no,yes,no,no,3,no,semi-furnished,2022-03-11 14:10:43.556872
305,3450,3,1,2,yes,no,no,no,no,1,no,semi-furnished,2022-03-11 14:10:43.556872
307,4080,3,1,2,yes,no,no,no,no,2,no,semi-furnished,2022-03-11 14:10:43.556872
309,4632,4,1,2,yes,no,no,no,yes,0,no,semi-furnished,2022-03-11 14:10:43.556872
310,5985,3,1,1,yes,no,yes,no,no,0,no,semi-furnished,2022-03-11 14:10:43.556872
311,6060,2,1,1,yes,no,yes,no,no,1,no,semi-furnished,2022-03-11 14:10:43.556872
312,3600,3,1,1,yes,no,yes,no,yes,0,yes,furnished,2022-03-11 14:10:43.556872
316,5900,4,2,2,no,no,yes,no,no,1,no,unfurnished,2022-03-11 14:10:43.556872
318,4340,3,1,1,yes,no,no,no,no,0,no,semi-furnished,2022-03-11 14:10:43.556872
319,3000,4,1,3,yes,no,yes,no,yes,2,no,semi-furnished,2022-03-11 14:10:43.556872
320,4320,3,1,2,yes,no,no,no,no,2,yes,furnished,2022-03-11 14:10:43.556872
321,3630,3,2,2,yes,no,no,yes,no,2,no,semi-furnished,2022-03-11 14:10:43.556872
322,3460,3,2,1,yes,no,yes,no,yes,1,no,furnished,2022-03-11 14:10:43.556872
325,3460,4,1,2,yes,no,no,no,yes,0,no,semi-furnished,2022-03-11 14:10:43.556872
327,6480,3,1,2,no,no,no,no,yes,1,no,semi-furnished,2022-03-11 14:10:43.556872
328,4500,3,2,2,no,no,yes,no,yes,0,no,semi-furnished,2022-03-11 14:10:43.556872
329,3960,3,1,2,yes,no,no,no,no,0,no,furnished,2022-03-11 14:10:43.556872
330,4050,2,1,2,yes,yes,yes,no,no,0,yes,unfurnished,2022-03-11 14:10:43.556872
331,7260,3,2,1,yes,yes,yes,no,no,3,no,furnished,2022-03-11 14:10:43.556872
332,5500,4,1,2,yes,yes,yes,no,no,0,no,semi-furnished,2022-03-11 14:10:43.556872
335,3816,2,1,1,yes,no,yes,no,yes,2,no,furnished,2022-03-11 14:10:43.556872
336,8080,3,1,1,yes,no,no,no,yes,2,no,semi-furnished,2022-03-11 14:10:43.556872
337,2145,4,2,1,yes,no,yes,no,no,0,yes,unfurnished,2022-03-11 14:10:43.556872
338,3780,2,1,2,yes,yes,yes,no,no,0,no,semi-furnished,2022-03-11 14:10:43.556872
339,3180,4,2,2,yes,no,no,no,no,0,no,furnished,2022-03-11 14:10:43.556872
340,5300,5,2,2,yes,no,no,no,no,0,no,semi-furnished,2022-03-11 14:10:43.556872
342,7152,3,1,2,yes,no,no,no,yes,0,no,furnished,2022-03-11 14:10:43.556872
343,4080,2,1,1,yes,no,no,no,no,0,no,semi-furnished,2022-03-11 14:10:43.556872
344,3850,2,1,1,yes,no,no,no,no,0,no,semi-furnished,2022-03-11 14:10:43.556872
345,2015,3,1,2,yes,no,yes,no,no,0,yes,semi-furnished,2022-03-11 14:10:43.556872
346,2176,2,1,2,yes,yes,no,no,no,0,yes,semi-furnished,2022-03-11 14:10:43.556872
348,3150,2,2,1,no,no,yes,no,no,0,no,semi-furnished,2022-03-11 14:10:43.556872
351,3600,2,1,1,yes,no,no,no,no,0,no,semi-furnished,2022-03-11 14:10:43.556872
352,5830,2,1,1,yes,no,no,no,no,2,no,unfurnished,2022-03-11 14:10:43.556872
353,2856,3,1,3,yes,no,no,no,no,0,yes,furnished,2022-03-11 14:10:43.556872
355,8250,3,1,1,yes,no,no,no,no,2,no,furnished,2022-03-11 14:10:43.556872
358,3480,2,1,1,yes,no,no,no,no,0,yes,semi-furnished,2022-03-11 14:10:43.556872
360,4040,2,1,1,yes,no,no,no,no,0,no,semi-furnished,2022-03-11 14:10:43.556872
361,6020,3,1,1,yes,no,no,no,no,0,no,semi-furnished,2022-03-11 14:10:43.556872
363,3584,2,1,1,yes,no,no,yes,no,0,no,semi-furnished,2022-03-11 14:10:43.556872
368,5640,2,1,1,no,no,no,no,no,0,no,semi-furnished,2022-03-11 14:10:43.556872
369,3600,2,1,1,yes,no,no,no,no,0,no,furnished,2022-03-11 14:10:43.556872
370,4280,2,1,1,yes,no,no,no,yes,2,no,semi-furnished,2022-03-11 14:10:43.556872
371,3570,3,1,2,yes,no,yes,no,no,0,no,semi-furnished,2022-03-11 14:10:43.556872
373,3000,2,1,2,yes,no,no,no,yes,0,no,furnished,2022-03-11 14:10:43.556872
374,3520,2,2,1,yes,no,yes,no,no,0,no,semi-furnished,2022-03-11 14:10:43.556872
375,5960,3,1,2,yes,yes,yes,no,no,0,no,unfurnished,2022-03-11 14:10:43.556872
376,4130,3,2,2,yes,no,no,no,no,2,no,semi-furnished,2022-03-11 14:10:43.556872
377,2850,3,2,2,no,no,yes,no,no,0,yes,unfurnished,2022-03-11 14:10:43.556872
378,2275,3,1,3,yes,no,no,yes,yes,0,yes,semi-furnished,2022-03-11 14:10:43.556872
379,3520,3,1,1,yes,no,no,no,no,2,yes,unfurnished,2022-03-11 14:10:43.556872
380,4500,2,1,1,yes,no,no,no,no,0,no,semi-furnished,2022-03-11 14:10:43.556872
381,4000,2,1,1,yes,no,no,no,no,0,yes,semi-furnished,2022-03-11 14:10:43.556872
384,4500,2,1,1,no,no,no,no,no,0,no,furnished,2022-03-11 14:10:43.556872
385,3640,2,1,1,yes,no,no,no,no,0,no,unfurnished,2022-03-11 14:10:43.556872
386,3850,3,1,1,yes,no,no,no,no,2,no,unfurnished,2022-03-11 14:10:43.556872
387,4240,3,1,2,yes,no,no,no,yes,0,no,semi-furnished,2022-03-11 14:10:43.556872
389,4600,4,1,2,yes,no,no,no,no,0,no,semi-furnished,2022-03-11 14:10:43.556872
390,2135,3,2,2,no,no,no,no,no,0,no,unfurnished,2022-03-11 14:10:43.556872
391,3036,3,1,2,yes,no,yes,no,no,0,no,semi-furnished,2022-03-11 14:10:43.556872
392,3990,3,1,2,yes,no,no,no,no,0,no,semi-furnished,2022-03-11 14:10:43.556872
393,7424,3,1,1,no,no,no,no,no,0,no,unfurnished,2022-03-11 14:10:43.556872
394,3480,3,1,1,no,no,no,no,yes,0,no,unfurnished,2022-03-11 14:10:43.556872
395,3600,6,1,2,yes,no,no,no,no,1,no,unfurnished,2022-03-11 14:10:43.556872
396,3640,2,1,1,yes,no,no,no,no,1,no,semi-furnished,2022-03-11 14:10:43.556872
397,5900,2,1,1,yes,no,no,no,no,1,no,furnished,2022-03-11 14:10:43.556872
398,3120,3,1,2,yes,no,no,no,no,1,no,unfurnished,2022-03-11 14:10:43.556872
399,7350,2,1,1,yes,no,no,no,no,1,no,semi-furnished,2022-03-11 14:10:43.556872
400,3512,2,1,1,yes,no,no,no,no,1,yes,unfurnished,2022-03-11 14:10:43.556872
401,9500,3,1,2,yes,no,no,no,no,3,yes,unfurnished,2022-03-11 14:10:43.556872
403,12944,3,1,1,yes,no,no,no,no,0,no,unfurnished,2022-03-11 14:10:43.556872
405,3060,3,1,1,yes,no,no,no,no,0,no,unfurnished,2022-03-11 14:10:43.556872
406,5320,2,1,1,yes,no,no,no,no,1,yes,unfurnished,2022-03-11 14:10:43.556872
407,2145,3,1,3,yes,no,no,no,no,0,yes,furnished,2022-03-11 14:10:43.556872
408,4000,2,1,1,yes,no,no,no,no,0,no,unfurnished,2022-03-11 14:10:43.556872
409,3185,2,1,1,yes,no,no,no,no,2,no,unfurnished,2022-03-11 14:10:43.556872
412,2610,3,1,2,yes,no,yes,no,no,0,yes,unfurnished,2022-03-11 14:10:43.556872
413,1950,3,2,2,yes,no,yes,no,no,0,yes,unfurnished,2022-03-11 14:10:43.556872
415,4785,3,1,2,yes,yes,yes,no,yes,1,no,furnished,2022-03-11 14:10:43.556872
416,3450,3,1,1,yes,no,yes,no,no,2,no,unfurnished,2022-03-11 14:10:43.556872
422,3720,2,1,1,no,no,no,no,yes,0,no,unfurnished,2022-03-11 14:10:43.556872
423,3750,3,1,1,yes,no,no,no,no,0,no,unfurnished,2022-03-11 14:10:43.556872
424,3100,3,1,2,no,no,yes,no,no,0,no,semi-furnished,2022-03-11 14:10:43.556872
426,2700,3,1,1,no,no,no,no,no,0,no,furnished,2022-03-11 14:10:43.556872
427,2145,3,1,2,yes,no,yes,no,no,0,yes,furnished,2022-03-11 14:10:43.556872
428,4040,2,1,1,yes,no,no,no,no,1,no,unfurnished,2022-03-11 14:10:43.556872
429,4775,4,1,2,yes,no,no,no,no,0,no,unfurnished,2022-03-11 14:10:43.556872
430,2500,2,1,1,no,no,no,no,yes,0,no,unfurnished,2022-03-11 14:10:43.556872
431,3180,4,1,2,yes,no,yes,no,yes,0,no,unfurnished,2022-03-11 14:10:43.556872
432,6060,3,1,1,yes,yes,yes,no,no,0,no,furnished,2022-03-11 14:10:43.556872
433,3480,4,1,2,no,no,no,no,no,1,no,semi-furnished,2022-03-11 14:10:43.556872
435,4040,2,1,1,yes,no,no,no,no,0,no,unfurnished,2022-03-11 14:10:43.556872
437,5880,3,1,1,yes,no,no,no,no,1,no,unfurnished,2022-03-11 14:10:43.556872
439,3930,2,1,1,no,no,no,no,no,0,no,unfurnished,2022-03-11 14:10:43.556872
440,3640,4,1,2,yes,no,yes,no,no,0,no,unfurnished,2022-03-11 14:10:43.556872
441,4370,3,1,2,yes,no,no,no,no,0,no,unfurnished,2022-03-11 14:10:43.556872
443,4320,3,1,1,no,no,no,no,no,1,no,unfurnished,2022-03-11 14:10:43.556872
445,3450,1,1,1,yes,no,no,no,no,0,no,furnished,2022-03-11 14:10:43.556872
446,3986,2,2,1,no,yes,yes,no,no,1,no,unfurnished,2022-03-11 14:10:43.556872
447,3500,2,1,1,no,no,yes,no,no,0,no,semi-furnished,2022-03-11 14:10:43.556872
448,4095,2,1,1,yes,no,no,no,no,2,no,semi-furnished,2022-03-11 14:10:43.556872
451,6750,2,1,1,yes,no,no,no,no,0,no,semi-furnished,2022-03-11 14:10:43.556872
452,9000,3,1,2,yes,no,no,no,no,2,no,semi-furnished,2022-03-11 14:10:43.556872
454,4500,3,1,2,yes,no,no,no,yes,0,no,unfurnished,2022-03-11 14:10:43.556872
456,2398,3,1,1,yes,no,no,no,no,0,yes,semi-furnished,2022-03-11 14:10:43.556872
457,3000,3,1,1,no,no,no,no,yes,0,no,unfurnished,2022-03-11 14:10:43.556872
459,3500,2,1,1,yes,no,no,no,no,0,no,unfurnished,2022-03-11 14:10:43.556872
460,8100,2,1,1,yes,no,no,no,no,1,no,unfurnished,2022-03-11 14:10:43.556872
461,4960,2,1,1,yes,no,yes,no,yes,0,no,unfurnished,2022-03-11 14:10:43.556872
463,3090,2,1,1,yes,yes,yes,no,no,0,no,unfurnished,2022-03-11 14:10:43.556872
464,4500,2,1,2,yes,no,no,yes,no,1,no,semi-furnished,2022-03-11 14:10:43.556872
466,3090,3,1,2,no,no,no,no,no,0,no,semi-furnished,2022-03-11 14:10:43.556872
467,3240,3,1,2,yes,no,no,no,no,2,no,semi-furnished,2022-03-11 14:10:43.556872
468,2835,2,1,1,yes,no,no,no,no,0,no,semi-furnished,2022-03-11 14:10:43.556872
470,5076,3,1,1,no,no,no,no,no,0,no,unfurnished,2022-03-11 14:10:43.556872
471,3750,3,1,2,yes,no,no,no,no,0,no,unfurnished,2022-03-11 14:10:43.556872
472,3630,4,1,2,yes,no,no,no,no,3,no,semi-furnished,2022-03-11 14:10:43.556872
473,8050,2,1,1,yes,no,no,no,no,0,no,unfurnished,2022-03-11 14:10:43.556872
476,5850,3,1,2,yes,no,yes,no,no,1,no,unfurnished,2022-03-11 14:10:43.556872
477,4960,2,1,1,yes,no,no,no,no,0,no,unfurnished,2022-03-11 14:10:43.556872
478,3600,3,1,2,no,no,no,no,no,1,no,unfurnished,2022-03-11 14:10:43.556872
479,3660,4,1,2,no,no,no,no,no,0,no,unfurnished,2022-03-11 14:10:43.556872
480,3480,3,1,2,no,no,no,no,no,1,no,semi-furnished,2022-03-11 14:10:43.556872
481,2700,2,1,1,no,no,no,no,no,0,no,furnished,2022-03-11 14:10:43.556872
483,6615,3,1,2,yes,no,no,no,no,0,no,semi-furnished,2022-03-11 14:10:43.556872
486,6000,2,1,1,yes,no,no,no,no,0,no,semi-furnished,2022-03-11 14:10:43.556872
489,3300,3,1,2,no,no,no,no,no,1,no,semi-furnished,2022-03-11 14:10:43.556872
491,2640,2,1,1,no,no,no,no,no,1,no,furnished,2022-03-11 14:10:43.556872
493,3960,3,1,1,yes,no,no,no,no,0,no,furnished,2022-03-11 14:10:43.556872
495,4000,3,1,2,yes,no,no,no,no,1,no,unfurnished,2022-03-11 14:10:43.556872
496,4000,2,1,1,yes,no,no,no,no,0,no,unfurnished,2022-03-11 14:10:43.556872
497,3934,2,1,1,yes,no,no,no,no,0,no,unfurnished,2022-03-11 14:10:43.556872
498,2000,2,1,2,yes,no,no,no,no,0,no,semi-furnished,2022-03-11 14:10:43.556872
499,3630,3,3,2,no,yes,no,no,no,0,no,unfurnished,2022-03-11 14:10:43.556872
500,2800,3,1,1,yes,no,no,no,no,0,no,unfurnished,2022-03-11 14:10:43.556872
501,2430,3,1,1,no,no,no,no,no,0,no,unfurnished,2022-03-11 14:10:43.556872
502,3480,2,1,1,yes,no,no,no,no,1,no,semi-furnished,2022-03-11 14:10:43.556872
503,4000,3,1,1,yes,no,no,no,no,0,no,semi-furnished,2022-03-11 14:10:43.556872
504,3185,2,1,1,yes,no,no,no,yes,0,no,unfurnished,2022-03-11 14:10:43.556872
506,2910,2,1,1,no,no,no,no,no,0,no,unfurnished,2022-03-11 14:10:43.556872
507,3600,2,1,1,yes,no,no,no,no,0,no,unfurnished,2022-03-11 14:10:43.556872
508,4400,2,1,1,yes,no,no,no,no,0,no,unfurnished,2022-03-11 14:10:43.556872
510,2880,3,1,1,no,no,no,no,no,0,no,unfurnished,2022-03-11 14:10:43.556872
513,4400,3,1,2,yes,no,no,no,no,0,no,unfurnished,2022-03-11 14:10:43.556872
515,3210,3,1,2,yes,no,yes,no,no,0,no,unfurnished,2022-03-11 14:10:43.556872
518,3500,2,1,1,yes,yes,no,no,no,0,no,unfurnished,2022-03-11 14:10:43.556872
519,4840,2,1,2,yes,no,no,no,no,0,no,unfurnished,2022-03-11 14:10:43.556872
520,7700,2,1,1,yes,no,no,no,no,0,no,unfurnished,2022-03-11 14:10:43.556872
521,3635,2,1,1,no,no,no,no,no,0,no,unfurnished,2022-03-11 14:10:43.556872
522,2475,3,1,2,yes,no,no,no,no,0,no,furnished,2022-03-11 14:10:43.556872
523,2787,4,2,2,yes,no,no,no,no,0,no,furnished,2022-03-11 14:10:43.556872
524,3264,2,1,1,yes,no,no,no,no,0,no,unfurnished,2022-03-11 14:10:43.556872
525,3640,2,1,1,yes,no,no,no,no,0,no,unfurnished,2022-03-11 14:10:43.556872
527,1836,2,1,1,no,no,yes,no,no,0,no,semi-furnished,2022-03-11 14:10:43.556872
528,3970,1,1,1,no,no,no,no,no,0,no,unfurnished,2022-03-11 14:10:43.556872
529,3970,3,1,2,yes,no,yes,no,no,0,no,unfurnished,2022-03-11 14:10:43.556872
530,1950,3,1,1,no,no,no,yes,no,0,no,unfurnished,2022-03-11 14:10:43.556872
532,3000,2,1,1,no,no,no,no,no,0,no,unfurnished,2022-03-11 14:10:43.556872
533,2400,3,1,2,yes,no,no,no,no,0,no,unfurnished,2022-03-11 14:10:43.556872
534,3000,4,1,2,yes,no,no,no,no,0,no,unfurnished,2022-03-11 14:10:43.556872
535,3360,2,1,1,yes,no,no,no,no,1,no,unfurnished,2022-03-11 14:10:43.556872
536,3420,5,1,2,no,no,no,no,no,0,no,unfurnished,2022-03-11 14:10:43.556872
538,3649,2,1,1,yes,no,no,no,no,0,no,unfurnished,2022-03-11 14:10:43.556872
539,2990,2,1,1,no,no,no,no,no,1,no,unfurnished,2022-03-11 14:10:43.556872
540,3000,2,1,1,yes,no,yes,no,no,2,no,unfurnished,2022-03-11 14:10:43.556872
542,3620,2,1,1,yes,no,no,no,no,0,no,unfurnished,2022-03-11 14:10:43.556872
543,2910,3,1,1,no,no,no,no,no,0,no,furnished,2022-03-11 14:10:43.556872
0,7420,4,2,3,yes,no,no,no,yes,2,yes,furnished,2022-03-13 14:10:43.565999
2,9960,3,2,2,yes,no,yes,no,no,2,yes,semi-furnished,2022-03-13 14:10:43.565999
3,7500,4,2,2,yes,no,yes,no,yes,3,yes,furnished,2022-03-13 14:10:43.565999
4,7420,4,1,2,yes,yes,yes,no,yes,2,no,furnished,2022-03-13 14:10:43.565999
5,7500,3,3,1,no,no,yes,no,yes,2,yes,semi-furnished,2022-03-13 14:10:43.565999
10,13200,3,1,2,no,no,yes,no,yes,2,yes,furnished,2022-03-13 14:10:43.565999
11,6000,4,3,2,no,yes,yes,yes,no,2,no,semi-furnished,2022-03-13 14:10:43.565999
12,6550,4,2,2,yes,no,no,no,yes,1,yes,semi-furnished,2022-03-13 14:10:43.565999
13,3500,4,2,2,no,no,no,yes,no,2,no,furnished,2022-03-13 14:10:43.565999
15,6000,4,1,2,no,no,yes,no,no,2,no,semi-furnished,2022-03-13 14:10:43.565999
17,8500,3,2,4,no,no,no,no,yes,2,no,furnished,2022-03-13 14:10:43.565999
18,4600,3,2,2,yes,yes,no,no,yes,2,no,furnished,2022-03-13 14:10:43.565999
20,4320,3,1,2,yes,no,yes,yes,no,2,no,semi-furnished,2022-03-13 14:10:43.565999
21,7155,3,2,1,yes,yes,yes,no,yes,2,no,unfurnished,2022-03-13 14:10:43.565999
22,8050,3,1,1,no,yes,yes,no,yes,1,no,furnished,2022-03-13 14:10:43.565999
24,8800,3,2,2,yes,no,no,no,yes,2,no,furnished,2022-03-13 14:10:43.565999
25,6540,4,2,2,yes,yes,yes,no,yes,2,yes,furnished,2022-03-13 14:10:43.565999
26,6000,3,2,4,yes,yes,yes,no,yes,0,yes,semi-furnished,2022-03-13 14:10:43.565999
27,8875,3,1,1,yes,no,no,no,no,1,no,semi-furnished,2022-03-13 14:10:43.565999
28,7950,5,2,2,yes,no,yes,yes,no,2,no,unfurnished,2022-03-13 14:10:43.565999
30,7475,3,2,4,yes,no,no,no,yes,2,no,unfurnished,2022-03-13 14:10:43.565999
33,5960,3,3,2,no,yes,yes,no,no,1,no,unfurnished,2022-03-13 14:10:43.565999
34,6840,5,1,2,no,yes,yes,no,yes,1,no,furnished,2022-03-13 14:10:43.565999
38,6000,3,1,4,yes,yes,no,no,yes,2,no,unfurnished,2022-03-13 14:10:43.565999
40,6550,3,1,2,yes,no,yes,no,yes,0,yes,furnished,2022-03-13 14:10:43.565999
41,6360,3,2,4,no,no,no,no,yes,0,yes,furnished,2022-03-13 14:10:43.565999
43,6000,4,2,4,no,no,no,no,no,2,no,semi-furnished,2022-03-13 14:10:43.565999
44,6000,4,2,4,no,no,no,no,yes,1,no,furnished,2022-03-13 14:10:43.565999
45,6000,3,2,3,no,no,no,no,yes,0,no,semi-furnished,2022-03-13 14:10:43.565999
46,6000,3,2,4,no,no,no,no,yes,1,no,furnished,2022-03-13 14:10:43.565999
51,6325,3,1,4,no,no,no,no,yes,1,no,unfurnished,2022-03-13 14:10:43.565999
53,5150,3,2,4,no,no,no,no,yes,2,no,semi-furnished,2022-03-13 14:10:43.565999
55,6000,3,1,2,no,no,no,no,yes,1,no,unfurnished,2022-03-13 14:10:43.565999
56,11440,4,1,2,yes,no,yes,no,no,1,yes,semi-furnished,2022-03-13 14:10:43.565999
57,9000,4,2,4,no,yes,no,no,yes,1,yes,furnished,2022-03-13 14:10:43.565999
58,7680,4,2,4,no,yes,no,no,yes,1,no,semi-furnished,2022-03-13 14:10:43.565999
59,6000,3,2,4,yes,yes,no,no,yes,1,no,furnished,2022-03-13 14:10:43.565999
60,6000,3,2,2,no,yes,no,no,no,1,no,semi-furnished,2022-03-13 14:10:43.565999
61,8880,2,1,1,yes,no,no,no,yes,1,no,semi-furnished,2022-03-13 14:10:43.565999
64,11175,3,1,1,yes,no,yes,no,yes,1,yes,furnished,2022-03-13 14:10:43.565999
65,8880,3,2,2,no,no,yes,no,yes,1,no,furnished,2022-03-13 14:10:43.565999
66,13200,2,1,1,no,no,yes,yes,no,1,no,furnished,2022-03-13 14:10:43.565999
67,7700,3,2,1,no,no,no,no,no,2,no,unfurnished,2022-03-13 14:10:43.565999
69,12090,4,2,2,yes,no,no,no,no,2,yes,furnished,2022-03-13 14:10:43.565999
70,4000,3,2,2,no,no,yes,no,yes,0,yes,semi-furnished,2022-03-13 14:10:43.565999
71,6000,4,2,4,yes,no,no,no,yes,0,no,unfurnished,2022-03-13 14:10:43.565999
72,5020,3,1,4,no,no,no,no,yes,0,yes,unfurnished,2022-03-13 14:10:43.565999
74,4040,3,1,2,yes,no,yes,yes,no,1,no,furnished,2022-03-13 14:10:43.565999
76,6420,3,2,3,no,no,no,no,yes,0,yes,furnished,2022-03-13 14:10:43.565999
78,5700,3,1,1,yes,yes,yes,no,yes,2,yes,furnished,2022-03-13 14:10:43.565999
79,6000,3,2,3,yes,yes,no,no,yes,0,no,furnished,2022-03-13 14:10:43.565999
81,4000,3,2,2,yes,no,yes,no,yes,1,no,semi-furnished,2022-03-13 14:10:43.565999
82,10500,3,2,1,yes,no,yes,no,yes,1,yes,furnished,2022-03-13 14:10:43.565999
84,3760,3,1,2,yes,no,no,yes,no,2,no,semi-furnished,2022-03-13 14:10:43.565999
87,3960,3,1,1,no,no,yes,no,no,2,no,semi-furnished,2022-03-13 14:10:43.565999
88,7410,3,1,1,no,yes,yes,no,yes,2,yes,unfurnished,2022-03-13 14:10:43.565999
89,8580,5,3,2,yes,no,no,no,no,2,no,furnished,2022-03-13 14:10:43.565999
91,6750,2,1,1,yes,yes,yes,no,no,2,yes,furnished,2022-03-13 14:10:43.565999
92,4800,3,2,4,no,yes,no,no,yes,0,no,furnished,2022-03-13 14:10:43.565999
93,7200,3,2,1,no,no,yes,no,yes,3,no,semi-furnished,2022-03-13 14:10:43.565999
94,6000,4,2,4,yes,no,no,no,no,1,no,semi-furnished,2022-03-13 14:10:43.565999
95,4100,3,2,3,no,no,no,no,yes,2,no,semi-furnished,2022-03-13 14:10:43.565999
99,6000,4,1,3,no,yes,yes,no,no,0,yes,unfurnished,2022-03-13 14:10:43.565999
101,5500,3,1,3,no,no,no,no,no,1,yes,unfurnished,2022-03-13 14:10:43.565999
102,5500,3,2,4,yes,yes,no,no,yes,1,no,semi-furnished,2022-03-13 14:10:43.565999
105,4500,3,1,4,yes,no,no,no,yes,0,no,unfurnished,2022-03-13 14:10:43.565999
106,5450,4,2,1,yes,no,yes,no,yes,0,yes,semi-furnished,2022-03-13 14:10:43.565999
107,6420,3,1,3,yes,no,yes,no,no,0,yes,unfurnished,2022-03-13 14:10:43.565999
108,3240,4,1,3,yes,no,no,no,no,1,no,semi-furnished,2022-03-13 14:10:43.565999
109,6615,4,2,2,no,yes,no,yes,no,1,no,semi-furnished,2022-03-13 14:10:43.565999
111,8372,3,1,3,no,no,no,no,yes,2,no,unfurnished,2022-03-13 14:10:43.565999
115,8000,3,1,1,yes,yes,yes,no,yes,2,yes,semi-furnished,2022-03-13 14:10:43.565999
118,6420,3,1,1,yes,no,yes,no,yes,0,yes,furnished,2022-03-13 14:10:43.565999
119,7020,3,1,1,yes,no,yes,no,yes,2,yes,semi-furnished,2022-03-13 14:10:43.565999
121,7231,3,1,2,no,yes,yes,no,yes,0,yes,semi-furnished,2022-03-13 14:10:43.565999
122,6254,4,2,1,no,no,yes,no,no,1,yes,semi-furnished,2022-03-13 14:10:43.565999
125,15600,3,1,1,no,no,no,no,yes,2,no,semi-furnished,2022-03-13 14:10:43.565999
128,5500,3,1,3,no,yes,no,no,yes,1,no,furnished,2022-03-13 14:10:43.565999
129,11460,3,1,3,no,no,no,no,no,2,yes,semi-furnished,2022-03-13 14:10:43.565999
130,4800,3,1,1,no,yes,yes,no,no,0,no,unfurnished,2022-03-13 14:10:43.565999
132,5200,3,1,3,yes,no,no,no,yes,0,no,semi-furnished,2022-03-13 14:10:43.565999
134,7000,3,1,1,no,no,yes,no,no,2,yes,semi-furnished,2022-03-13 14:10:43.565999
138,5000,3,1,3,yes,no,no,no,yes,0,no,semi-furnished,2022-03-13 14:10:43.565999
139,6360,3,1,1,yes,yes,yes,no,yes,2,yes,furnished,2022-03-13 14:10:43.565999
140,5800,3,2,4,no,no,no,no,yes,0,no,unfurnished,2022-03-13 14:10:43.565999
142,10500,4,2,2,yes,no,no,no,no,1,no,semi-furnished,2022-03-13 14:10:43.565999
146,10500,2,1,1,no,no,no,no,no,1,no,semi-furnished,2022-03-13 14:10:43.565999
148,6360,3,1,3,yes,no,no,no,no,0,yes,semi-furnished,2022-03-13 14:10:43.565999
151,4400,4,1,2,no,no,no,no,yes,2,yes,semi-furnished,2022-03-13 14:10:43.565999
152,5400,5,1,2,no,yes,yes,no,yes,0,yes,furnished,2022-03-13 14:10:43.565999
154,3650,3,2,2,yes,no,no,no,no,2,no,semi-furnished,2022-03-13 14:10:43.565999
156,6900,3,1,1,yes,yes,yes,no,no,0,yes,semi-furnished,2022-03-13 14:10:43.565999
159,3150,3,2,1,yes,yes,yes,no,yes,0,no,furnished,2022-03-13 14:10:43.565999
162,6600,4,2,2,yes,yes,yes,no,no,0,yes,semi-furnished,2022-03-13 14:10:43.565999
165,6450,3,2,1,no,yes,yes,yes,no,0,no,unfurnished,2022-03-13 14:10:43.565999
166,7800,3,1,1,yes,no,yes,no,yes,2,yes,unfurnished,2022-03-13 14:10:43.565999
167,4600,2,2,1,yes,no,no,no,yes,2,no,semi-furnished,2022-03-13 14:10:43.565999
168,4260,4,1,2,no,no,yes,no,yes,0,no,furnished,2022-03-13 14:10:43.565999
169,6540,4,2,2,yes,no,no,no,yes,0,no,semi-furnished,2022-03-13 14:10:43.565999
170,5500,3,2,1,yes,no,yes,no,no,0,no,semi-furnished,2022-03-13 14:10:43.565999
171,10269,3,1,1,no,no,no,no,no,1,yes,semi-furnished,2022-03-13 14:10:43.565999
172,8400,3,1,2,no,yes,yes,no,yes,2,yes,unfurnished,2022-03-13 14:10:43.565999
173,5300,4,2,1,no,no,no,no,yes,0,yes,unfurnished,2022-03-13 14:10:43.565999
174,3800,3,1,2,no,yes,yes,no,no,1,yes,unfurnished,2022-03-13 14:10:43.565999
176,8520,3,1,1,no,no,no,no,yes,2,no,furnished,2022-03-13 14:10:43.565999
179,3180,3,2,2,yes,no,no,no,no,2,no,semi-furnished,2022-03-13 14:10:43.565999
181,7200,3,1,2,yes,yes,yes,no,no,1,yes,furnished,2022-03-13 14:10:43.565999
182,3410,3,1,2,no,no,no,no,yes,0,no,semi-furnished,2022-03-13 14:10:43.565999
186,11410,2,1,2,no,no,no,no,no,0,yes,furnished,2022-03-13 14:10:43.565999
187,6100,3,1,1,yes,no,yes,no,yes,0,yes,semi-furnished,2022-03-13 14:10:43.565999
189,3540,2,1,1,no,yes,yes,no,no,0,no,semi-furnished,2022-03-13 14:10:43.565999
190,7600,4,1,2,no,no,no,no,yes,2,no,furnished,2022-03-13 14:10:43.565999
191,10700,3,1,2,no,yes,yes,no,no,0,no,semi-furnished,2022-03-13 14:10:43.565999
195,4410,4,3,2,yes,no,yes,no,no,2,no,semi-furnished,2022-03-13 14:10:43.565999
199,4200,3,1,2,yes,no,no,no,no,1,no,furnished,2022-03-13 14:10:43.565999
200,4520,3,1,2,yes,no,yes,no,yes,0,no,semi-furnished,2022-03-13 14:10:43.565999
201,4095,3,1,2,no,yes,yes,no,yes,0,no,semi-furnished,2022-03-13 14:10:43.565999
203,5400,4,1,2,no,no,no,no,no,0,no,semi-furnished,2022-03-13 14:10:43.565999
204,4770,3,1,1,no,yes,yes,no,no,0,no,semi-furnished,2022-03-13 14:10:43.565999
206,5800,2,1,1,yes,yes,yes,no,yes,0,no,semi-furnished,2022-03-13 14:10:43.565999
208,2970,3,1,3,yes,no,no,no,no,0,no,semi-furnished,2022-03-13 14:10:43.565999
211,12900,3,1,1,yes,no,no,no,no,2,no,furnished,2022-03-13 14:10:43.565999
214,4350,2,1,1,no,no,yes,no,no,0,no,unfurnished,2022-03-13 14:10:43.565999
215,4160,3,1,3,no,no,no,no,no,0,no,unfurnished,2022-03-13 14:10:43.565999
217,6862,3,1,2,no,no,no,no,yes,2,yes,furnished,2022-03-13 14:10:43.565999
219,7000,3,1,2,no,no,yes,no,no,0,no,unfurnished,2022-03-13 14:10:43.565999
220,8100,4,1,4,yes,no,yes,no,yes,2,no,semi-furnished,2022-03-13 14:10:43.565999
221,3420,4,2,2,yes,no,no,no,no,0,no,semi-furnished,2022-03-13 14:10:43.565999
225,6440,2,1,1,no,no,no,no,yes,3,no,semi-furnished,2022-03-13 14:10:43.565999
226,5170,3,1,4,yes,no,no,no,yes,0,no,semi-furnished,2022-03-13 14:10:43.565999
227,6000,2,1,1,no,no,yes,no,yes,1,no,furnished,2022-03-13 14:10:43.565999
229,9667,4,2,2,yes,yes,yes,no,no,1,no,semi-furnished,2022-03-13 14:10:43.565999
231,4320,3,1,1,yes,no,no,no,no,0,yes,semi-furnished,2022-03-13 14:10:43.565999
233,4160,3,1,1,no,yes,yes,no,yes,0,no,unfurnished,2022-03-13 14:10:43.565999
239,4000,3,1,2,no,no,no,no,no,1,no,furnished,2022-03-13 14:10:43.565999
240,3840,3,1,2,no,no,no,no,no,1,yes,semi-furnished,2022-03-13 14:10:43.565999
241,3760,3,1,1,yes,no,no,no,no,2,no,semi-furnished,2022-03-13 14:10:43.565999
243,2550,3,1,2,no,no,yes,no,no,0,no,furnished,2022-03-13 14:10:43.565999
244,5320,3,1,2,yes,yes,yes,no,no,0,yes,semi-furnished,2022-03-13 14:10:43.565999
245,5360,3,1,2,no,no,no,no,no,2,yes,unfurnished,2022-03-13 14:10:43.565999
248,4100,2,2,1,no,yes,yes,no,no,0,no,semi-furnished,2022-03-13 14:10:43.565999
249,4990,4,2,2,no,yes,yes,no,no,0,yes,furnished,2022-03-13 14:10:43.565999
250,3510,3,1,3,no,no,no,no,no,0,no,semi-furnished,2022-03-13 14:10:43.565999
252,9860,3,1,1,no,no,no,no,no,0,no,semi-furnished,2022-03-13 14:10:43.565999
253,3520,2,1,2,yes,no,no,no,no,0,yes,furnished,2022-03-13 14:10:43.565999
254,4510,4,1,2,no,no,no,no,yes,2,no,semi-furnished,2022-03-13 14:10:43.565999
255,5885,2,1,1,yes,no,no,no,yes,1,no,unfurnished,2022-03-13 14:10:43.565999
258,4040,3,1,2,yes,no,no,no,no,1,no,semi-furnished,2022-03-13 14:10:43.565999
259,6360,2,1,1,yes,no,yes,no,yes,1,no,furnished,2022-03-13 14:10:43.565999
260,3162,3,1,2,no,no,no,no,yes,1,no,furnished,2022-03-13 14:10:43.565999
261,3510,3,1,2,yes,no,no,no,no,0,no,semi-furnished,2022-03-13 14:10:43.565999
263,3968,3,1,2,no,no,no,no,no,0,no,semi-furnished,2022-03-13 14:10:43.565999
264,4900,2,1,2,yes,no,yes,no,no,0,no,semi-furnished,2022-03-13 14:10:43.565999
265,2880,3,1,2,no,no,no,no,no,0,yes,semi-furnished,2022-03-13 14:10:43.565999
266,4880,3,1,1,yes,no,no,no,no,2,yes,unfurnished,2022-03-13 14:10:43.565999
267,4920,3,1,2,no,no,no,no,no,1,no,semi-furnished,2022-03-13 14:10:43.565999
268,4950,4,1,2,no,no,no,no,yes,0,no,semi-furnished,2022-03-13 14:10:43.565999
269,3900,3,1,2,yes,no,no,no,no,0,no,unfurnished,2022-03-13 14:10:43.565999
270,4500,3,2,3,no,no,no,yes,no,1,no,furnished,2022-03-13 14:10:43.565999
271,1905,5,1,2,no,no,yes,no,no,0,no,semi-furnished,2022-03-13 14:10:43.565999
272,4075,3,1,1,no,yes,yes,no,no,2,no,semi-furnished,2022-03-13 14:10:43.565999
274,6450,4,1,2,no,no,no,no,no,0,no,semi-furnished,2022-03-13 14:10:43.565999
275,4032,2,1,1,yes,no,yes,no,no,0,no,furnished,2022-03-13 14:10:43.565999
276,4400,2,1,1,yes,no,no,no,no,1,no,semi-furnished,2022-03-13 14:10:43.565999
278,3400,3,1,2,yes,no,yes,no,no,2,yes,semi-furnished,2022-03-13 14:10:43.565999
280,6360,2,1,2,yes,no,no,no,no,0,no,unfurnished,2022-03-13 14:10:43.565999
284,7770,2,1,1,no,no,no,no,no,1,no,furnished,2022-03-13 14:10:43.565999
285,6650,3,1,2,yes,yes,no,no,no,0,no,semi-furnished,2022-03-13 14:10:43.565999
291,2953,3,1,2,yes,no,yes,no,yes,0,no,unfurnished,2022-03-13 14:10:43.565999
292,2747,4,2,2,yes,no,no,no,no,0,no,semi-furnished,2022-03-13 14:10:43.565999
293,4410,2,1,1,yes,no,no,no,no,1,no,unfurnished,2022-03-13 14:10:43.565999
294,4000,4,2,2,yes,no,no,no,no,0,no,semi-furnished,2022-03-13 14:10:43.565999
296,4600,3,2,2,yes,no,no,no,yes,1,no,semi-furnished,2022-03-13 14:10:43.565999
297,3640,3,2,2,yes,no,yes,no,no,0,no,unfurnished,2022-03-13 14:10:43.565999
302,2145,3,1,3,yes,no,no,no,no,1,yes,unfurnished,2022-03-13 14:10:43.565999
303,4500,3,1,1,yes,no,yes,no,no,0,no,furnished,2022-03-13 14:10:43.565999
304,8250,3,1,1,yes,no,yes,no,no,3,no,semi-furnished,2022-03-13 14:10:43.565999
307,4080,3,1,2,no,no,no,no,no,2,no,semi-furnished,2022-03-13 14:10:43.565999
308,4046,3,1,2,yes,no,yes,no,no,1,no,semi-furnished,2022-03-13 14:10:43.565999
311,6060,2,1,1,no,no,yes,no,no,1,no,semi-furnished,2022-03-13 14:10:43.565999
313,3680,3,2,2,yes,no,no,no,no,0,no,semi-furnished,2022-03-13 14:10:43.565999
315,5600,2,1,1,yes,no,no,no,yes,0,no,semi-furnished,2022-03-13 14:10:43.565999
317,4992,3,2,2,yes,no,no,no,no,2,no,unfurnished,2022-03-13 14:10:43.565999
322,3460,3,2,1,no,no,yes,no,yes,1,no,furnished,2022-03-13 14:10:43.565999
323,5400,3,1,1,yes,no,no,no,no,3,no,semi-furnished,2022-03-13 14:10:43.565999
325,3460,4,1,2,no,no,no,no,yes,0,no,semi-furnished,2022-03-13 14:10:43.565999
326,4100,4,1,1,no,no,yes,no,no,0,no,unfurnished,2022-03-13 14:10:43.565999
327,6480,3,1,2,yes,no,no,no,yes,1,no,semi-furnished,2022-03-13 14:10:43.565999
328,4500,3,2,2,yes,no,yes,no,yes,0,no,semi-furnished,2022-03-13 14:10:43.565999
331,7260,3,2,1,no,yes,yes,no,no,3,no,furnished,2022-03-13 14:10:43.565999
334,3290,2,1,1,no,no,no,yes,no,1,no,furnished,2022-03-13 14:10:43.565999
336,8080,3,1,1,no,no,no,no,yes,2,no,semi-furnished,2022-03-13 14:10:43.565999
338,3780,2,1,2,yes,yes,yes,no,no,0,no,semi-furnished,2022-03-13 14:10:43.565999
340,5300,5,2,2,yes,no,no,no,no,0,no,semi-furnished,2022-03-13 14:10:43.565999
341,3180,2,2,1,yes,no,yes,no,no,2,no,semi-furnished,2022-03-13 14:10:43.565999
342,7152,3,1,2,yes,no,no,no,yes,0,no,furnished,2022-03-13 14:10:43.565999
343,4080,2,1,1,yes,no,no,no,no,0,no,semi-furnished,2022-03-13 14:10:43.565999
344,3850,2,1,1,no,no,no,no,no,0,no,semi-furnished,2022-03-13 14:10:43.565999
345,2015,3,1,2,no,no,yes,no,no,0,yes,semi-furnished,2022-03-13 14:10:43.565999
347,3350,3,1,2,yes,no,no,no,no,0,no,unfurnished,2022-03-13 14:10:43.565999
349,4820,3,1,2,no,no,no,no,no,0,no,semi-furnished,2022-03-13 14:10:43.565999
351,3600,2,1,1,yes,no,no,no,no,0,no,semi-furnished,2022-03-13 14:10:43.565999
354,8400,2,1,1,no,no,no,no,no,1,no,furnished,2022-03-13 14:10:43.565999
355,8250,3,1,1,no,no,no,no,no,2,no,furnished,2022-03-13 14:10:43.565999
356,2520,5,2,1,no,no,yes,no,yes,1,no,furnished,2022-03-13 14:10:43.565999
358,3480,2,1,1,yes,no,no,no,no,0,yes,semi-furnished,2022-03-13 14:10:43.565999
360,4040,2,1,1,no,no,no,no,no,0,no,semi-furnished,2022-03-13 14:10:43.565999
362,4050,2,1,1,yes,no,no,no,no,0,no,furnished,2022-03-13 14:10:43.565999
363,3584,2,1,1,yes,no,no,yes,no,0,no,semi-furnished,2022-03-13 14:10:43.565999
366,3630,2,1,1,no,no,yes,no,no,0,no,furnished,2022-03-13 14:10:43.565999
367,3630,2,1,1,no,no,no,no,yes,0,no,unfurnished,2022-03-13 14:10:43.565999
368,5640,2,1,1,yes,no,no,no,no,0,no,semi-furnished,2022-03-13 14:10:43.565999
369,3600,2,1,1,no,no,no,no,no,0,no,furnished,2022-03-13 14:10:43.565999
370,4280,2,1,1,yes,no,no,no,yes,2,no,semi-furnished,2022-03-13 14:10:43.565999
372,3180,3,1,2,no,no,yes,no,no,0,no,semi-furnished,2022-03-13 14:10:43.565999
373,3000,2,1,2,no,no,no,no,yes,0,no,furnished,2022-03-13 14:10:43.565999
375,5960,3,1,2,yes,yes,yes,no,no,0,no,unfurnished,2022-03-13 14:10:43.565999
376,4130,3,2,2,no,no,no,no,no,2,no,semi-furnished,2022-03-13 14:10:43.565999
378,2275,3,1,3,yes,no,no,yes,yes,0,yes,semi-furnished,2022-03-13 14:10:43.565999
379,3520,3,1,1,yes,no,no,no,no,2,yes,unfurnished,2022-03-13 14:10:43.565999
380,4500,2,1,1,yes,no,no,no,no,0,no,semi-furnished,2022-03-13 14:10:43.565999
382,3150,3,1,2,no,no,yes,no,no,0,no,furnished,2022-03-13 14:10:43.565999
383,4500,4,2,2,yes,no,yes,no,no,2,no,furnished,2022-03-13 14:10:43.565999
384,4500,2,1,1,yes,no,no,no,no,0,no,furnished,2022-03-13 14:10:43.565999
385,3640,2,1,1,yes,no,no,no,no,0,no,unfurnished,2022-03-13 14:10:43.565999
386,3850,3,1,1,no,no,no,no,no,2,no,unfurnished,2022-03-13 14:10:43.565999
387,4240,3,1,2,no,no,no,no,yes,0,no,semi-furnished,2022-03-13 14:10:43.565999
388,3650,3,1,2,no,no,no,no,no,0,no,unfurnished,2022-03-13 14:10:43.565999
389,4600,4,1,2,yes,no,no,no,no,0,no,semi-furnished,2022-03-13 14:10:43.565999
390,2135,3,2,2,no,no,no,no,no,0,no,unfurnished,2022-03-13 14:10:43.565999
392,3990,3,1,2,no,no,no,no,no,0,no,semi-furnished,2022-03-13 14:10:43.565999
393,7424,3,1,1,no,no,no,no,no,0,no,unfurnished,2022-03-13 14:10:43.565999
394,3480,3,1,1,no,no,no,no,yes,0,no,unfurnished,2022-03-13 14:10:43.565999
395,3600,6,1,2,no,no,no,no,no,1,no,unfurnished,2022-03-13 14:10:43.565999
397,5900,2,1,1,yes,no,no,no,no,1,no,furnished,2022-03-13 14:10:43.565999
398,3120,3,1,2,no,no,no,no,no,1,no,unfurnished,2022-03-13 14:10:43.565999
400,3512,2,1,1,no,no,no,no,no,1,yes,unfurnished,2022-03-13 14:10:43.565999
401,9500,3,1,2,yes,no,no,no,no,3,yes,unfurnished,2022-03-13 14:10:43.565999
402,5880,2,1,1,yes,no,no,no,no,0,no,unfurnished,2022-03-13 14:10:43.565999
405,3060,3,1,1,yes,no,no,no,no,0,no,unfurnished,2022-03-13 14:10:43.565999
406,5320,2,1,1,no,no,no,no,no,1,yes,unfurnished,2022-03-13 14:10:43.565999
407,2145,3,1,3,yes,no,no,no,no,0,yes,furnished,2022-03-13 14:10:43.565999
408,4000,2,1,1,no,no,no,no,no,0,no,unfurnished,2022-03-13 14:10:43.565999
409,3185,2,1,1,yes,no,no,no,no,2,no,unfurnished,2022-03-13 14:10:43.565999
410,3850,3,1,1,yes,no,no,no,no,0,no,unfurnished,2022-03-13 14:10:43.565999
412,2610,3,1,2,yes,no,yes,no,no,0,yes,unfurnished,2022-03-13 14:10:43.565999
415,4785,3,1,2,no,yes,yes,no,yes,1,no,furnished,2022-03-13 14:10:43.565999
417,3640,2,1,1,no,no,no,no,no,0,no,furnished,2022-03-13 14:10:43.565999
419,4960,4,1,3,no,no,no,no,no,0,no,semi-furnished,2022-03-13 14:10:43.565999
420,4120,2,1,2,yes,no,no,no,no,0,no,unfurnished,2022-03-13 14:10:43.565999
421,4750,2,1,1,no,no,no,no,no,0,no,unfurnished,2022-03-13 14:10:43.565999
424,3100,3,1,2,no,no,yes,no,no,0,no,semi-furnished,2022-03-13 14:10:43.565999
425,3185,2,1,1,no,no,yes,no,no,2,no,furnished,2022-03-13 14:10:43.565999
426,2700,3,1,1,no,no,no,no,no,0,no,furnished,2022-03-13 14:10:43.565999
429,4775,4,1,2,yes,no,no,no,no,0,no,unfurnished,2022-03-13 14:10:43.565999
430,2500,2,1,1,no,no,no,no,yes,0,no,unfurnished,2022-03-13 14:10:43.565999
431,3180,4,1,2,yes,no,yes,no,yes,0,no,unfurnished,2022-03-13 14:10:43.565999
434,3792,4,1,2,yes,no,no,no,no,0,no,semi-furnished,2022-03-13 14:10:43.565999
435,4040,2,1,1,no,no,no,no,no,0,no,unfurnished,2022-03-13 14:10:43.565999
437,5880,3,1,1,yes,no,no,no,no,1,no,unfurnished,2022-03-13 14:10:43.565999
438,4500,2,1,1,yes,no,no,no,no,0,no,semi-furnished,2022-03-13 14:10:43.565999
440,3640,4,1,2,yes,no,yes,no,no,0,no,unfurnished,2022-03-13 14:10:43.565999
441,4370,3,1,2,no,no,no,no,no,0,no,unfurnished,2022-03-13 14:10:43.565999
442,2684,2,1,1,yes,no,no,no,yes,1,no,unfurnished,2022-03-13 14:10:43.565999
444,3120,3,1,2,no,no,no,no,no,0,no,furnished,2022-03-13 14:10:43.565999
446,3986,2,2,1,no,yes,yes,no,no,1,no,unfurnished,2022-03-13 14:10:43.565999
447,3500,2,1,1,no,no,yes,no,no,0,no,semi-furnished,2022-03-13 14:10:43.565999
450,3450,3,1,2,yes,no,yes,no,no,0,no,semi-furnished,2022-03-13 14:10:43.565999
453,3069,2,1,1,yes,no,no,no,no,1,no,unfurnished,2022-03-13 14:10:43.565999
455,5495,3,1,1,no,no,yes,no,no,0,no,unfurnished,2022-03-13 14:10:43.565999
456,2398,3,1,1,no,no,no,no,no,0,yes,semi-furnished,2022-03-13 14:10:43.565999
458,3850,3,1,2,no,no,no,no,no,0,no,unfurnished,2022-03-13 14:10:43.565999
460,8100,2,1,1,no,no,no,no,no,1,no,unfurnished,2022-03-13 14:10:43.565999
461,4960,2,1,1,yes,no,yes,no,yes,0,no,unfurnished,2022-03-13 14:10:43.565999
462,2160,3,1,2,yes,no,yes,no,no,0,no,semi-furnished,2022-03-13 14:10:43.565999
463,3090,2,1,1,yes,yes,yes,no,no,0,no,unfurnished,2022-03-13 14:10:43.565999
464,4500,2,1,2,no,no,no,yes,no,1,no,semi-furnished,2022-03-13 14:10:43.565999
465,3800,2,1,1,no,no,no,no,no,0,no,unfurnished,2022-03-13 14:10:43.565999
468,2835,2,1,1,yes,no,no,no,no,0,no,semi-furnished,2022-03-13 14:10:43.565999
470,5076,3,1,1,no,no,no,no,no,0,no,unfurnished,2022-03-13 14:10:43.565999
471,3750,3,1,2,yes,no,no,no,no,0,no,unfurnished,2022-03-13 14:10:43.565999
473,8050,2,1,1,no,no,no,no,no,0,no,unfurnished,2022-03-13 14:10:43.565999
475,3000,2,1,2,yes,no,no,no,no,0,no,semi-furnished,2022-03-13 14:10:43.565999
476,5850,3,1,2,yes,no,yes,no,no,1,no,unfurnished,2022-03-13 14:10:43.565999
478,3600,3,1,2,no,no,no,no,no,1,no,unfurnished,2022-03-13 14:10:43.565999
481,2700,2,1,1,yes,no,no,no,no,0,no,furnished,2022-03-13 14:10:43.565999
483,6615,3,1,2,no,no,no,no,no,0,no,semi-furnished,2022-03-13 14:10:43.565999
484,3040,2,1,1,no,no,no,no,no,0,no,unfurnished,2022-03-13 14:10:43.565999
485,3630,2,1,1,yes,no,no,no,no,0,no,unfurnished,2022-03-13 14:10:43.565999
487,5400,4,1,2,no,no,no,no,no,0,no,unfurnished,2022-03-13 14:10:43.565999
488,5200,4,1,3,yes,no,no,no,no,0,no,unfurnished,2022-03-13 14:10:43.565999
490,4350,3,1,2,no,no,no,yes,no,1,no,unfurnished,2022-03-13 14:10:43.565999
492,2650,3,1,2,yes,no,yes,no,no,1,no,unfurnished,2022-03-13 14:10:43.565999
493,3960,3,1,1,no,no,no,no,no,0,no,furnished,2022-03-13 14:10:43.565999
494,6800,2,1,1,no,no,no,no,no,0,no,unfurnished,2022-03-13 14:10:43.565999
495,4000,3,1,2,no,no,no,no,no,1,no,unfurnished,2022-03-13 14:10:43.565999
497,3934,2,1,1,yes,no,no,no,no,0,no,unfurnished,2022-03-13 14:10:43.565999
498,2000,2,1,2,yes,no,no,no,no,0,no,semi-furnished,2022-03-13 14:10:43.565999
499,3630,3,3,2,no,yes,no,no,no,0,no,unfurnished,2022-03-13 14:10:43.565999
501,2430,3,1,1,yes,no,no,no,no,0,no,unfurnished,2022-03-13 14:10:43.565999
503,4000,3,1,1,yes,no,no,no,no,0,no,semi-furnished,2022-03-13 14:10:43.565999
504,3185,2,1,1,yes,no,no,no,yes,0,no,unfurnished,2022-03-13 14:10:43.565999
505,4000,3,1,2,yes,no,no,no,yes,0,no,unfurnished,2022-03-13 14:10:43.565999
506,2910,2,1,1,no,no,no,no,no,0,no,unfurnished,2022-03-13 14:10:43.565999
507,3600,2,1,1,yes,no,no,no,no,0,no,unfurnished,2022-03-13 14:10:43.565999
510,2880,3,1,1,no,no,no,no,no,0,no,unfurnished,2022-03-13 14:10:43.565999
511,3180,3,1,1,yes,no,no,no,no,0,no,unfurnished,2022-03-13 14:10:43.565999
512,3000,2,1,2,no,no,no,no,no,0,no,furnished,2022-03-13 14:10:43.565999
513,4400,3,1,2,no,no,no,no,no,0,no,unfurnished,2022-03-13 14:10:43.565999
514,3000,3,1,2,no,no,no,no,no,0,no,semi-furnished,2022-03-13 14:10:43.565999
517,3000,2,1,1,no,no,no,no,no,1,no,unfurnished,2022-03-13 14:10:43.565999
518,3500,2,1,1,yes,yes,no,no,no,0,no,unfurnished,2022-03-13 14:10:43.565999
519,4840,2,1,2,no,no,no,no,no,0,no,unfurnished,2022-03-13 14:10:43.565999
523,2787,4,2,2,no,no,no,no,no,0,no,furnished,2022-03-13 14:10:43.565999
524,3264,2,1,1,yes,no,no,no,no,0,no,unfurnished,2022-03-13 14:10:43.565999
526,3180,2,1,1,yes,no,no,no,no,0,no,unfurnished,2022-03-13 14:10:43.565999
527,1836,2,1,1,yes,no,yes,no,no,0,no,semi-furnished,2022-03-13 14:10:43.565999
529,3970,3,1,2,no,no,yes,no,no,0,no,unfurnished,2022-03-13 14:10:43.565999
532,3000,2,1,1,yes,no,no,no,no,0,no,unfurnished,2022-03-13 14:10:43.565999
534,3000,4,1,2,no,no,no,no,no,0,no,unfurnished,2022-03-13 14:10:43.565999
535,3360,2,1,1,no,no,no,no,no,1,no,unfurnished,2022-03-13 14:10:43.565999
536,3420,5,1,2,yes,no,no,no,no,0,no,unfurnished,2022-03-13 14:10:43.565999
537,1700,3,1,2,no,no,no,no,no,0,no,unfurnished,2022-03-13 14:10:43.565999
540,3000,2,1,1,yes,no,yes,no,no,2,no,unfurnished,2022-03-13 14:10:43.565999
541,2400,3,1,1,yes,no,no,no,no,0,no,semi-furnished,2022-03-13 14:10:43.565999
542,3620,2,1,1,yes,no,no,no,no,0,no,unfurnished,2022-03-13 14:10:43.565999
544,3850,3,1,2,no,no,no,no,no,0,no,unfurnished,2022-03-13 14:10:43.565999
4,7420,4,1,2,yes,no,yes,no,yes,2,no,furnished,2022-03-16 14:10:43.570701
5,7500,3,3,1,yes,yes,yes,no,yes,2,yes,semi-furnished,2022-03-16 14:10:43.570701
6,8580,4,3,4,yes,yes,no,no,yes,2,yes,semi-furnished,2022-03-16 14:10:43.570701
10,13200,3,1,2,yes,yes,yes,no,yes,2,yes,furnished,2022-03-16 14:10:43.570701
15,6000,4,1,2,yes,yes,yes,no,no,2,no,semi-furnished,2022-03-16 14:10:43.570701
19,6420,3,2,2,yes,no,no,no,yes,1,yes,semi-furnished,2022-03-16 14:10:43.570701
20,4320,3,1,2,yes,yes,yes,yes,no,2,no,semi-furnished,2022-03-16 14:10:43.570701
21,7155,3,2,1,yes,yes,yes,no,yes,2,no,unfurnished,2022-03-16 14:10:43.570701
22,8050,3,1,1,yes,yes,yes,no,yes,1,no,furnished,2022-03-16 14:10:43.570701
23,4560,3,2,2,yes,yes,yes,no,yes,1,no,furnished,2022-03-16 14:10:43.570701
27,8875,3,1,1,yes,no,no,no,no,1,no,semi-furnished,2022-03-16 14:10:43.570701
28,7950,5,2,2,yes,yes,yes,yes,no,2,no,unfurnished,2022-03-16 14:10:43.570701
29,5500,4,2,2,yes,yes,yes,no,yes,1,yes,semi-furnished,2022-03-16 14:10:43.570701
30,7475,3,2,4,yes,no,no,no,yes,2,no,unfurnished,2022-03-16 14:10:43.570701
31,7000,3,1,4,yes,no,no,no,yes,2,no,semi-furnished,2022-03-16 14:10:43.570701
33,5960,3,3,2,yes,yes,yes,no,no,1,no,unfurnished,2022-03-16 14:10:43.570701
34,6840,5,1,2,yes,no,yes,no,yes,1,no,furnished,2022-03-16 14:10:43.570701
35,7000,3,2,4,yes,no,no,no,yes,2,no,furnished,2022-03-16 14:10:43.570701
39,6000,4,2,4,yes,yes,no,no,yes,1,no,semi-furnished,2022-03-16 14:10:43.570701
40,6550,3,1,2,yes,yes,yes,no,yes,0,yes,furnished,2022-03-16 14:10:43.570701
41,6360,3,2,4,yes,no,no,no,yes,0,yes,furnished,2022-03-16 14:10:43.570701
42,6480,3,2,4,yes,yes,no,no,yes,2,no,unfurnished,2022-03-16 14:10:43.570701
44,6000,4,2,4,yes,yes,no,no,yes,1,no,furnished,2022-03-16 14:10:43.570701
46,6000,3,2,4,yes,yes,no,no,yes,1,no,furnished,2022-03-16 14:10:43.570701
47,6600,3,1,4,yes,no,no,no,yes,3,yes,furnished,2022-03-16 14:10:43.570701
49,7440,3,2,1,yes,yes,yes,no,yes,0,yes,semi-furnished,2022-03-16 14:10:43.570701
53,5150,3,2,4,yes,no,no,no,yes,2,no,semi-furnished,2022-03-16 14:10:43.570701
55,6000,3,1,2,yes,yes,no,no,yes,1,no,unfurnished,2022-03-16 14:10:43.570701
59,6000,3,2,4,yes,no,no,no,yes,1,no,furnished,2022-03-16 14:10:43.570701
61,8880,2,1,1,yes,no,no,no,yes,1,no,semi-furnished,2022-03-16 14:10:43.570701
62,6240,4,2,2,yes,no,no,no,yes,1,no,furnished,2022-03-16 14:10:43.570701
64,11175,3,1,1,yes,yes,yes,no,yes,1,yes,furnished,2022-03-16 14:10:43.570701
66,13200,2,1,1,yes,yes,yes,yes,no,1,no,furnished,2022-03-16 14:10:43.570701
69,12090,4,2,2,yes,no,no,no,no,2,yes,furnished,2022-03-16 14:10:43.570701
71,6000,4,2,4,yes,no,no,no,yes,0,no,unfurnished,2022-03-16 14:10:43.570701
73,6600,2,2,4,yes,yes,yes,no,no,0,yes,furnished,2022-03-16 14:10:43.570701
78,5700,3,1,1,yes,no,yes,no,yes,2,yes,furnished,2022-03-16 14:10:43.570701
79,6000,3,2,3,yes,no,no,no,yes,0,no,furnished,2022-03-16 14:10:43.570701
82,10500,3,2,1,yes,yes,yes,no,yes,1,yes,furnished,2022-03-16 14:10:43.570701
83,6000,3,2,4,yes,no,no,no,yes,0,no,semi-furnished,2022-03-16 14:10:43.570701
84,3760,3,1,2,yes,yes,no,yes,no,2,no,semi-furnished,2022-03-16 14:10:43.570701
87,3960,3,1,1,yes,yes,yes,no,no,2,no,semi-furnished,2022-03-16 14:10:43.570701
88,7410,3,1,1,yes,yes,yes,no,yes,2,yes,unfurnished,2022-03-16 14:10:43.570701
90,5000,3,1,2,yes,no,no,no,yes,0,no,semi-furnished,2022-03-16 14:10:43.570701
94,6000,4,2,4,yes,no,no,no,no,1,no,semi-furnished,2022-03-16 14:10:43.570701
95,4100,3,2,3,yes,yes,no,no,yes,2,no,semi-furnished,2022-03-16 14:10:43.570701
96,9000,3,1,1,yes,yes,yes,no,no,1,yes,furnished,2022-03-16 14:10:43.570701
97,6400,3,1,1,yes,yes,yes,no,yes,1,yes,semi-furnished,2022-03-16 14:10:43.570701
98,6600,3,2,3,yes,yes,no,no,yes,0,yes,unfurnished,2022-03-16 14:10:43.570701
99,6000,4,1,3,yes,yes,yes,no,no,0,yes,unfurnished,2022-03-16 14:10:43.570701
102,5500,3,2,4,yes,no,no,no,yes,1,no,semi-furnished,2022-03-16 14:10:43.570701
103,6350,3,2,3,yes,yes,no,no,yes,0,no,furnished,2022-03-16 14:10:43.570701
105,4500,3,1,4,yes,no,no,no,yes,0,no,unfurnished,2022-03-16 14:10:43.570701
106,5450,4,2,1,yes,no,yes,no,yes,0,yes,semi-furnished,2022-03-16 14:10:43.570701
107,6420,3,1,3,yes,no,yes,no,no,0,yes,unfurnished,2022-03-16 14:10:43.570701
112,4300,6,2,2,yes,yes,no,no,no,0,no,furnished,2022-03-16 14:10:43.570701
113,9620,3,1,1,yes,yes,yes,no,no,2,yes,furnished,2022-03-16 14:10:43.570701
114,6800,2,1,1,yes,no,yes,no,no,2,no,furnished,2022-03-16 14:10:43.570701
115,8000,3,1,1,yes,no,yes,no,yes,2,yes,semi-furnished,2022-03-16 14:10:43.570701
116,6900,3,2,1,yes,no,yes,no,no,0,yes,unfurnished,2022-03-16 14:10:43.570701
117,3700,4,1,2,yes,no,no,no,yes,0,no,furnished,2022-03-16 14:10:43.570701
122,6254,4,2,1,yes,no,yes,no,no,1,yes,semi-furnished,2022-03-16 14:10:43.570701
125,15600,3,1,1,yes,yes,no,no,yes,2,no,semi-furnished,2022-03-16 14:10:43.570701
126,7160,3,1,1,yes,yes,yes,no,no,2,yes,unfurnished,2022-03-16 14:10:43.570701
127,6500,3,2,3,yes,yes,no,no,yes,0,no,unfurnished,2022-03-16 14:10:43.570701
131,5828,4,1,4,yes,no,no,no,no,0,no,semi-furnished,2022-03-16 14:10:43.570701
133,4800,3,1,3,yes,no,no,no,yes,0,no,unfurnished,2022-03-16 14:10:43.570701
134,7000,3,1,1,yes,yes,yes,no,no,2,yes,semi-furnished,2022-03-16 14:10:43.570701
137,4640,4,1,2,yes,yes,no,no,no,1,no,semi-furnished,2022-03-16 14:10:43.570701
138,5000,3,1,3,yes,no,no,no,yes,0,no,semi-furnished,2022-03-16 14:10:43.570701
142,10500,4,2,2,yes,yes,no,no,no,1,no,semi-furnished,2022-03-16 14:10:43.570701
143,4800,5,2,3,no,no,yes,yes,no,0,no,unfurnished,2022-03-16 14:10:43.570701
144,4700,4,1,2,yes,yes,yes,no,yes,1,no,furnished,2022-03-16 14:10:43.570701
148,6360,3,1,3,yes,no,no,no,no,0,yes,semi-furnished,2022-03-16 14:10:43.570701
149,6600,4,2,1,yes,yes,yes,no,no,0,yes,semi-furnished,2022-03-16 14:10:43.570701
150,5136,3,1,2,yes,no,yes,no,yes,0,yes,unfurnished,2022-03-16 14:10:43.570701
151,4400,4,1,2,yes,yes,no,no,yes,2,yes,semi-furnished,2022-03-16 14:10:43.570701
152,5400,5,1,2,yes,yes,yes,no,yes,0,yes,furnished,2022-03-16 14:10:43.570701
154,3650,3,2,2,yes,no,no,no,no,2,no,semi-furnished,2022-03-16 14:10:43.570701
157,2817,4,2,2,no,no,yes,no,no,1,no,furnished,2022-03-16 14:10:43.570701
159,3150,3,2,1,yes,yes,yes,no,yes,0,no,furnished,2022-03-16 14:10:43.570701
162,6600,4,2,2,yes,no,yes,no,no,0,yes,semi-furnished,2022-03-16 14:10:43.570701
163,6825,3,1,1,yes,no,yes,no,yes,0,yes,semi-furnished,2022-03-16 14:10:43.570701
166,7800,3,1,1,yes,yes,yes,no,yes,2,yes,unfurnished,2022-03-16 14:10:43.570701
170,5500,3,2,1,yes,yes,yes,no,no,0,no,semi-furnished,2022-03-16 14:10:43.570701
171,10269,3,1,1,yes,no,no,no,no,1,yes,semi-furnished,2022-03-16 14:10:43.570701
172,8400,3,1,2,yes,no,yes,no,yes,2,yes,unfurnished,2022-03-16 14:10:43.570701
173,5300,4,2,1,yes,no,no,no,yes,0,yes,unfurnished,2022-03-16 14:10:43.570701
177,6050,3,1,1,yes,no,yes,no,no,0,yes,semi-furnished,2022-03-16 14:10:43.570701
182,3410,3,1,2,no,yes,no,no,yes,0,no,semi-furnished,2022-03-16 14:10:43.570701
183,7980,3,1,1,yes,no,no,no,no,1,yes,semi-furnished,2022-03-16 14:10:43.570701
185,3000,3,1,2,yes,no,yes,no,no,0,no,unfurnished,2022-03-16 14:10:43.570701
193,4800,2,1,1,yes,yes,yes,no,no,0,no,semi-furnished,2022-03-16 14:10:43.570701
198,5948,3,1,2,yes,yes,no,no,yes,0,no,semi-furnished,2022-03-16 14:10:43.570701
199,4200,3,1,2,yes,no,no,no,no,1,no,furnished,2022-03-16 14:10:43.570701
200,4520,3,1,2,yes,yes,yes,no,yes,0,no,semi-furnished,2022-03-16 14:10:43.570701
202,4120,2,1,1,yes,yes,yes,no,no,1,no,semi-furnished,2022-03-16 14:10:43.570701
203,5400,4,1,2,yes,no,no,no,no,0,no,semi-furnished,2022-03-16 14:10:43.570701
205,6300,3,1,1,yes,no,no,no,yes,2,no,semi-furnished,2022-03-16 14:10:43.570701
206,5800,2,1,1,yes,no,yes,no,yes,0,no,semi-furnished,2022-03-16 14:10:43.570701
207,3000,3,1,2,yes,yes,yes,no,yes,0,no,semi-furnished,2022-03-16 14:10:43.570701
208,2970,3,1,3,yes,yes,no,no,no,0,no,semi-furnished,2022-03-16 14:10:43.570701
209,6720,3,1,1,yes,no,no,no,no,0,no,unfurnished,2022-03-16 14:10:43.570701
210,4646,3,1,2,yes,yes,yes,no,no,2,no,semi-furnished,2022-03-16 14:10:43.570701
219,7000,3,1,2,yes,yes,yes,no,no,0,no,unfurnished,2022-03-16 14:10:43.570701
222,9166,2,1,1,yes,no,yes,no,yes,2,no,semi-furnished,2022-03-16 14:10:43.570701
227,6000,2,1,1,yes,yes,yes,no,yes,1,no,furnished,2022-03-16 14:10:43.570701
228,3630,3,1,2,yes,yes,no,no,no,2,no,semi-furnished,2022-03-16 14:10:43.570701
230,5400,2,1,2,yes,yes,no,no,no,0,yes,semi-furnished,2022-03-16 14:10:43.570701
233,4160,3,1,1,yes,yes,yes,no,yes,0,no,unfurnished,2022-03-16 14:10:43.570701
234,3880,3,2,2,yes,no,yes,no,no,2,no,semi-furnished,2022-03-16 14:10:43.570701
236,2870,2,1,2,yes,yes,yes,no,no,0,yes,semi-furnished,2022-03-16 14:10:43.570701
237,5010,3,1,2,yes,no,yes,no,no,0,no,semi-furnished,2022-03-16 14:10:43.570701
241,3760,3,1,1,yes,no,no,no,no,2,no,semi-furnished,2022-03-16 14:10:43.570701
242,3640,3,1,2,yes,yes,no,no,yes,0,no,furnished,2022-03-16 14:10:43.570701
243,2550,3,1,2,yes,no,yes,no,no,0,no,furnished,2022-03-16 14:10:43.570701
245,5360,3,1,2,yes,yes,no,no,no,2,yes,unfurnished,2022-03-16 14:10:43.570701
246,3520,3,1,1,yes,no,no,no,no,0,yes,semi-furnished,2022-03-16 14:10:43.570701
249,4990,4,2,2,yes,no,yes,no,no,0,yes,furnished,2022-03-16 14:10:43.570701
250,3510,3,1,3,yes,no,no,no,no,0,no,semi-furnished,2022-03-16 14:10:43.570701
251,3450,3,1,2,yes,no,yes,no,no,1,no,semi-furnished,2022-03-16 14:10:43.570701
253,3520,2,1,2,yes,no,no,no,no,0,yes,furnished,2022-03-16 14:10:43.570701
254,4510,4,1,2,yes,no,no,no,yes,2,no,semi-furnished,2022-03-16 14:10:43.570701
256,4000,3,1,2,yes,yes,no,no,no,2,no,furnished,2022-03-16 14:10:43.570701
257,8250,3,1,1,yes,no,no,no,no,0,no,furnished,2022-03-16 14:10:43.570701
260,3162,3,1,2,yes,no,no,no,yes,1,no,furnished,2022-03-16 14:10:43.570701
261,3510,3,1,2,yes,no,no,no,no,0,no,semi-furnished,2022-03-16 14:10:43.570701
263,3968,3,1,2,no,yes,no,no,no,0,no,semi-furnished,2022-03-16 14:10:43.570701
265,2880,3,1,2,yes,no,no,no,no,0,yes,semi-furnished,2022-03-16 14:10:43.570701
266,4880,3,1,1,yes,no,no,no,no,2,yes,unfurnished,2022-03-16 14:10:43.570701
267,4920,3,1,2,yes,yes,no,no,no,1,no,semi-furnished,2022-03-16 14:10:43.570701
268,4950,4,1,2,yes,yes,no,no,yes,0,no,semi-furnished,2022-03-16 14:10:43.570701
269,3900,3,1,2,yes,yes,no,no,no,0,no,unfurnished,2022-03-16 14:10:43.570701
270,4500,3,2,3,yes,no,no,yes,no,1,no,furnished,2022-03-16 14:10:43.570701
273,3500,4,1,2,yes,no,no,no,no,2,no,furnished,2022-03-16 14:10:43.570701
275,4032,2,1,1,yes,yes,yes,no,no,0,no,furnished,2022-03-16 14:10:43.570701
279,6360,2,1,1,yes,no,no,no,no,0,no,furnished,2022-03-16 14:10:43.570701
280,6360,2,1,2,yes,no,no,no,no,0,no,unfurnished,2022-03-16 14:10:43.570701
281,4500,2,1,1,yes,no,no,no,yes,2,no,furnished,2022-03-16 14:10:43.570701
282,2175,3,1,2,no,no,yes,no,yes,0,no,unfurnished,2022-03-16 14:10:43.570701
286,2787,3,1,1,yes,yes,yes,no,no,0,yes,furnished,2022-03-16 14:10:43.570701
287,5500,3,1,2,yes,yes,no,no,yes,0,no,unfurnished,2022-03-16 14:10:43.570701
288,5040,3,1,2,yes,yes,yes,no,yes,0,no,unfurnished,2022-03-16 14:10:43.570701
290,2610,4,3,2,no,yes,no,no,no,0,no,semi-furnished,2022-03-16 14:10:43.570701
292,2747,4,2,2,no,no,no,no,no,0,no,semi-furnished,2022-03-16 14:10:43.570701
294,4000,4,2,2,no,no,no,no,no,0,no,semi-furnished,2022-03-16 14:10:43.570701
295,2325,3,1,2,no,yes,no,no,no,0,no,semi-furnished,2022-03-16 14:10:43.570701
296,4600,3,2,2,yes,yes,no,no,yes,1,no,semi-furnished,2022-03-16 14:10:43.570701
299,7000,3,1,1,yes,yes,no,no,no,3,no,furnished,2022-03-16 14:10:43.570701
300,4079,3,1,3,yes,no,no,no,no,0,no,semi-furnished,2022-03-16 14:10:43.570701
303,4500,3,1,1,yes,no,yes,no,no,0,no,furnished,2022-03-16 14:10:43.570701
304,8250,3,1,1,yes,yes,yes,no,no,3,no,semi-furnished,2022-03-16 14:10:43.570701
307,4080,3,1,2,yes,yes,no,no,no,2,no,semi-furnished,2022-03-16 14:10:43.570701
309,4632,4,1,2,yes,no,no,no,yes,0,no,semi-furnished,2022-03-16 14:10:43.570701
318,4340,3,1,1,yes,yes,no,no,no,0,no,semi-furnished,2022-03-16 14:10:43.570701
321,3630,3,2,2,yes,yes,no,yes,no,2,no,semi-furnished,2022-03-16 14:10:43.570701
322,3460,3,2,1,yes,yes,yes,no,yes,1,no,furnished,2022-03-16 14:10:43.570701
323,5400,3,1,1,yes,yes,no,no,no,3,no,semi-furnished,2022-03-16 14:10:43.570701
324,4500,3,1,2,no,no,yes,no,yes,0,no,semi-furnished,2022-03-16 14:10:43.570701
325,3460,4,1,2,yes,no,no,no,yes,0,no,semi-furnished,2022-03-16 14:10:43.570701
327,6480,3,1,2,no,yes,no,no,yes,1,no,semi-furnished,2022-03-16 14:10:43.570701
329,3960,3,1,2,yes,no,no,no,no,0,no,furnished,2022-03-16 14:10:43.570701
330,4050,2,1,2,yes,yes,yes,no,no,0,yes,unfurnished,2022-03-16 14:10:43.570701
331,7260,3,2,1,yes,yes,yes,no,no,3,no,furnished,2022-03-16 14:10:43.570701
332,5500,4,1,2,yes,no,yes,no,no,0,no,semi-furnished,2022-03-16 14:10:43.570701
333,3000,3,1,2,yes,yes,no,no,no,0,no,semi-furnished,2022-03-16 14:10:43.570701
334,3290,2,1,1,yes,yes,no,yes,no,1,no,furnished,2022-03-16 14:10:43.570701
337,2145,4,2,1,yes,no,yes,no,no,0,yes,unfurnished,2022-03-16 14:10:43.570701
338,3780,2,1,2,yes,no,yes,no,no,0,no,semi-furnished,2022-03-16 14:10:43.570701
339,3180,4,2,2,yes,no,no,no,no,0,no,furnished,2022-03-16 14:10:43.570701
340,5300,5,2,2,yes,yes,no,no,no,0,no,semi-furnished,2022-03-16 14:10:43.570701
343,4080,2,1,1,yes,no,no,no,no,0,no,semi-furnished,2022-03-16 14:10:43.570701
344,3850,2,1,1,yes,yes,no,no,no,0,no,semi-furnished,2022-03-16 14:10:43.570701
346,2176,2,1,2,yes,no,no,no,no,0,yes,semi-furnished,2022-03-16 14:10:43.570701
347,3350,3,1,2,yes,no,no,no,no,0,no,unfurnished,2022-03-16 14:10:43.570701
349,4820,3,1,2,yes,no,no,no,no,0,no,semi-furnished,2022-03-16 14:10:43.570701
350,3420,2,1,2,yes,yes,no,yes,no,1,no,semi-furnished,2022-03-16 14:10:43.570701
351,3600,2,1,1,yes,no,no,no,no,0,no,semi-furnished,2022-03-16 14:10:43.570701
352,5830,2,1,1,yes,no,no,no,no,2,no,unfurnished,2022-03-16 14:10:43.570701
357,6930,4,1,2,no,no,no,no,no,1,no,furnished,2022-03-16 14:10:43.570701
358,3480,2,1,1,yes,yes,no,no,no,0,yes,semi-furnished,2022-03-16 14:10:43.570701
363,3584,2,1,1,yes,yes,no,yes,no,0,no,semi-furnished,2022-03-16 14:10:43.570701
366,3630,2,1,1,yes,yes,yes,no,no,0,no,furnished,2022-03-16 14:10:43.570701
371,3570,3,1,2,yes,no,yes,no,no,0,no,semi-furnished,2022-03-16 14:10:43.570701
373,3000,2,1,2,yes,yes,no,no,yes,0,no,furnished,2022-03-16 14:10:43.570701
375,5960,3,1,2,yes,yes,yes,no,no,0,no,unfurnished,2022-03-16 14:10:43.570701
379,3520,3,1,1,yes,no,no,no,no,2,yes,unfurnished,2022-03-16 14:10:43.570701
381,4000,2,1,1,yes,no,no,no,no,0,yes,semi-furnished,2022-03-16 14:10:43.570701
383,4500,4,2,2,yes,no,yes,no,no,2,no,furnished,2022-03-16 14:10:43.570701
384,4500,2,1,1,no,no,no,no,no,0,no,furnished,2022-03-16 14:10:43.570701
388,3650,3,1,2,yes,yes,no,no,no,0,no,unfurnished,2022-03-16 14:10:43.570701
390,2135,3,2,2,no,yes,no,no,no,0,no,unfurnished,2022-03-16 14:10:43.570701
391,3036,3,1,2,yes,no,yes,no,no,0,no,semi-furnished,2022-03-16 14:10:43.570701
392,3990,3,1,2,yes,yes,no,no,no,0,no,semi-furnished,2022-03-16 14:10:43.570701
395,3600,6,1,2,yes,yes,no,no,no,1,no,unfurnished,2022-03-16 14:10:43.570701
396,3640,2,1,1,yes,no,no,no,no,1,no,semi-furnished,2022-03-16 14:10:43.570701
397,5900,2,1,1,yes,no,no,no,no,1,no,furnished,2022-03-16 14:10:43.570701
398,3120,3,1,2,yes,yes,no,no,no,1,no,unfurnished,2022-03-16 14:10:43.570701
399,7350,2,1,1,yes,no,no,no,no,1,no,semi-furnished,2022-03-16 14:10:43.570701
401,9500,3,1,2,yes,yes,no,no,no,3,yes,unfurnished,2022-03-16 14:10:43.570701
405,3060,3,1,1,yes,yes,no,no,no,0,no,unfurnished,2022-03-16 14:10:43.570701
406,5320,2,1,1,yes,yes,no,no,no,1,yes,unfurnished,2022-03-16 14:10:43.570701
407,2145,3,1,3,yes,no,no,no,no,0,yes,furnished,2022-03-16 14:10:43.570701
409,3185,2,1,1,yes,yes,no,no,no,2,no,unfurnished,2022-03-16 14:10:43.570701
410,3850,3,1,1,yes,no,no,no,no,0,no,unfurnished,2022-03-16 14:10:43.570701
411,2145,3,1,3,yes,no,no,no,no,0,yes,furnished,2022-03-16 14:10:43.570701
412,2610,3,1,2,yes,no,yes,no,no,0,yes,unfurnished,2022-03-16 14:10:43.570701
415,4785,3,1,2,yes,no,yes,no,yes,1,no,furnished,2022-03-16 14:10:43.570701
416,3450,3,1,1,yes,no,yes,no,no,2,no,unfurnished,2022-03-16 14:10:43.570701
417,3640,2,1,1,yes,no,no,no,no,0,no,furnished,2022-03-16 14:10:43.570701
420,4120,2,1,2,yes,no,no,no,no,0,no,unfurnished,2022-03-16 14:10:43.570701
423,3750,3,1,1,yes,yes,no,no,no,0,no,unfurnished,2022-03-16 14:10:43.570701
424,3100,3,1,2,no,yes,yes,no,no,0,no,semi-furnished,2022-03-16 14:10:43.570701
427,2145,3,1,2,yes,yes,yes,no,no,0,yes,furnished,2022-03-16 14:10:43.570701
428,4040,2,1,1,yes,no,no,no,no,1,no,unfurnished,2022-03-16 14:10:43.570701
430,2500,2,1,1,no,yes,no,no,yes,0,no,unfurnished,2022-03-16 14:10:43.570701
433,3480,4,1,2,no,yes,no,no,no,1,no,semi-furnished,2022-03-16 14:10:43.570701
435,4040,2,1,1,yes,no,no,no,no,0,no,unfurnished,2022-03-16 14:10:43.570701
444,3120,3,1,2,no,no,no,no,no,0,no,furnished,2022-03-16 14:10:43.570701
445,3450,1,1,1,yes,no,no,no,no,0,no,furnished,2022-03-16 14:10:43.570701
446,3986,2,2,1,no,yes,yes,no,no,1,no,unfurnished,2022-03-16 14:10:43.570701
447,3500,2,1,1,no,yes,yes,no,no,0,no,semi-furnished,2022-03-16 14:10:43.570701
449,1650,3,1,2,no,yes,yes,no,no,0,no,unfurnished,2022-03-16 14:10:43.570701
451,6750,2,1,1,yes,no,no,no,no,0,no,semi-furnished,2022-03-16 14:10:43.570701
452,9000,3,1,2,yes,yes,no,no,no,2,no,semi-furnished,2022-03-16 14:10:43.570701
455,5495,3,1,1,yes,yes,yes,no,no,0,no,unfurnished,2022-03-16 14:10:43.570701
456,2398,3,1,1,yes,yes,no,no,no,0,yes,semi-furnished,2022-03-16 14:10:43.570701
457,3000,3,1,1,no,yes,no,no,yes,0,no,unfurnished,2022-03-16 14:10:43.570701
458,3850,3,1,2,yes,yes,no,no,no,0,no,unfurnished,2022-03-16 14:10:43.570701
459,3500,2,1,1,yes,yes,no,no,no,0,no,unfurnished,2022-03-16 14:10:43.570701
460,8100,2,1,1,yes,yes,no,no,no,1,no,unfurnished,2022-03-16 14:10:43.570701
462,2160,3,1,2,no,no,yes,no,no,0,no,semi-furnished,2022-03-16 14:10:43.570701
465,3800,2,1,1,yes,yes,no,no,no,0,no,unfurnished,2022-03-16 14:10:43.570701
468,2835,2,1,1,yes,yes,no,no,no,0,no,semi-furnished,2022-03-16 14:10:43.570701
469,4600,2,1,1,yes,no,no,no,no,0,no,furnished,2022-03-16 14:10:43.570701
472,3630,4,1,2,yes,yes,no,no,no,3,no,semi-furnished,2022-03-16 14:10:43.570701
474,4352,4,1,2,no,no,no,no,no,1,no,unfurnished,2022-03-16 14:10:43.570701
475,3000,2,1,2,yes,yes,no,no,no,0,no,semi-furnished,2022-03-16 14:10:43.570701
479,3660,4,1,2,no,no,no,no,no,0,no,unfurnished,2022-03-16 14:10:43.570701
480,3480,3,1,2,no,yes,no,no,no,1,no,semi-furnished,2022-03-16 14:10:43.570701
481,2700,2,1,1,no,no,no,no,no,0,no,furnished,2022-03-16 14:10:43.570701
483,6615,3,1,2,yes,yes,no,no,no,0,no,semi-furnished,2022-03-16 14:10:43.570701
484,3040,2,1,1,no,no,no,no,no,0,no,unfurnished,2022-03-16 14:10:43.570701
485,3630,2,1,1,yes,no,no,no,no,0,no,unfurnished,2022-03-16 14:10:43.570701
489,3300,3,1,2,no,no,no,no,no,1,no,semi-furnished,2022-03-16 14:10:43.570701
494,6800,2,1,1,yes,yes,no,no,no,0,no,unfurnished,2022-03-16 14:10:43.570701
503,4000,3,1,1,yes,yes,no,no,no,0,no,semi-furnished,2022-03-16 14:10:43.570701
504,3185,2,1,1,yes,no,no,no,yes,0,no,unfurnished,2022-03-16 14:10:43.570701
505,4000,3,1,2,yes,no,no,no,yes,0,no,unfurnished,2022-03-16 14:10:43.570701
506,2910,2,1,1,no,yes,no,no,no,0,no,unfurnished,2022-03-16 14:10:43.570701
510,2880,3,1,1,no,no,no,no,no,0,no,unfurnished,2022-03-16 14:10:43.570701
513,4400,3,1,2,yes,no,no,no,no,0,no,unfurnished,2022-03-16 14:10:43.570701
514,3000,3,1,2,no,no,no,no,no,0,no,semi-furnished,2022-03-16 14:10:43.570701
515,3210,3,1,2,yes,yes,yes,no,no,0,no,unfurnished,2022-03-16 14:10:43.570701
516,3240,2,1,1,no,yes,no,no,no,1,no,unfurnished,2022-03-16 14:10:43.570701
518,3500,2,1,1,yes,yes,no,no,no,0,no,unfurnished,2022-03-16 14:10:43.570701
519,4840,2,1,2,yes,yes,no,no,no,0,no,unfurnished,2022-03-16 14:10:43.570701
522,2475,3,1,2,yes,no,no,no,no,0,no,furnished,2022-03-16 14:10:43.570701
524,3264,2,1,1,yes,yes,no,no,no,0,no,unfurnished,2022-03-16 14:10:43.570701
526,3180,2,1,1,yes,no,no,no,no,0,no,unfurnished,2022-03-16 14:10:43.570701
527,1836,2,1,1,no,yes,yes,no,no,0,no,semi-furnished,2022-03-16 14:10:43.570701
528,3970,1,1,1,no,no,no,no,no,0,no,unfurnished,2022-03-16 14:10:43.570701
529,3970,3,1,2,yes,no,yes,no,no,0,no,unfurnished,2022-03-16 14:10:43.570701
530,1950,3,1,1,no,yes,no,yes,no,0,no,unfurnished,2022-03-16 14:10:43.570701
532,3000,2,1,1,no,no,no,no,no,0,no,unfurnished,2022-03-16 14:10:43.570701
533,2400,3,1,2,yes,no,no,no,no,0,no,unfurnished,2022-03-16 14:10:43.570701
534,3000,4,1,2,yes,yes,no,no,no,0,no,unfurnished,2022-03-16 14:10:43.570701
535,3360,2,1,1,yes,yes,no,no,no,1,no,unfurnished,2022-03-16 14:10:43.570701
536,3420,5,1,2,no,no,no,no,no,0,no,unfurnished,2022-03-16 14:10:43.570701
538,3649,2,1,1,yes,yes,no,no,no,0,no,unfurnished,2022-03-16 14:10:43.570701
540,3000,2,1,1,yes,yes,yes,no,no,2,no,unfurnished,2022-03-16 14:10:43.570701
541,2400,3,1,1,no,yes,no,no,no,0,no,semi-furnished,2022-03-16 14:10:43.570701
542,3620,2,1,1,yes,yes,no,no,no,0,no,unfurnished,2022-03-16 14:10:43.570701
